mode: set
github.com/QuantumNous/new-api/service/audio.go:9.82,11.16 2 0
github.com/QuantumNous/new-api/service/audio.go:11.16,13.3 1 0
github.com/QuantumNous/new-api/service/audio.go:15.2,18.16 3 0
github.com/QuantumNous/new-api/service/audio.go:19.15,21.21 2 0
github.com/QuantumNous/new-api/service/audio.go:22.32,24.20 2 0
github.com/QuantumNous/new-api/service/audio.go:25.10,27.20 2 0
github.com/QuantumNous/new-api/service/audio.go:30.2,31.22 2 0
github.com/QuantumNous/new-api/service/audio.go:34.64,37.15 2 0
github.com/QuantumNous/new-api/service/audio.go:37.15,39.3 1 0
github.com/QuantumNous/new-api/service/audio.go:42.2,43.16 2 0
github.com/QuantumNous/new-api/service/audio.go:43.16,45.3 1 0
github.com/QuantumNous/new-api/service/audio.go:47.2,47.25 1 0
github.com/QuantumNous/new-api/service/billing.go:19.115,21.19 2 0
github.com/QuantumNous/new-api/service/billing.go:21.19,23.3 1 0
github.com/QuantumNous/new-api/service/billing.go:24.2,25.12 2 0
github.com/QuantumNous/new-api/service/billing.go:34.95,35.30 1 0
github.com/QuantumNous/new-api/service/billing.go:35.30,39.16 3 0
github.com/QuantumNous/new-api/service/billing.go:39.16,45.4 1 0
github.com/QuantumNous/new-api/service/billing.go:45.9,45.23 1 0
github.com/QuantumNous/new-api/service/billing.go:45.23,51.4 1 0
github.com/QuantumNous/new-api/service/billing.go:51.9,55.4 1 0
github.com/QuantumNous/new-api/service/billing.go:57.3,57.63 1 0
github.com/QuantumNous/new-api/service/billing.go:57.63,59.4 1 0
github.com/QuantumNous/new-api/service/billing.go:62.3,62.23 1 0
github.com/QuantumNous/new-api/service/billing.go:62.23,63.60 1 0
github.com/QuantumNous/new-api/service/billing.go:63.60,65.5 1 0
github.com/QuantumNous/new-api/service/billing.go:65.10,67.5 1 0
github.com/QuantumNous/new-api/service/billing.go:69.3,69.13 1 0
github.com/QuantumNous/new-api/service/billing.go:73.2,74.21 2 0
github.com/QuantumNous/new-api/service/billing.go:74.21,76.3 1 0
github.com/QuantumNous/new-api/service/billing.go:77.2,77.12 1 0
github.com/QuantumNous/new-api/service/billing_session.go:41.56,44.15 3 0
github.com/QuantumNous/new-api/service/billing_session.go:44.15,46.3 1 0
github.com/QuantumNous/new-api/service/billing_session.go:47.2,48.16 2 0
github.com/QuantumNous/new-api/service/billing_session.go:48.16,51.3 2 0
github.com/QuantumNous/new-api/service/billing_session.go:53.2,53.23 1 0
github.com/QuantumNous/new-api/service/billing_session.go:53.23,54.49 1 0
github.com/QuantumNous/new-api/service/billing_session.go:54.49,56.4 1 0
github.com/QuantumNous/new-api/service/billing_session.go:57.3,57.26 1 0
github.com/QuantumNous/new-api/service/billing_session.go:60.2,61.31 2 0
github.com/QuantumNous/new-api/service/billing_session.go:61.31,62.16 1 0
github.com/QuantumNous/new-api/service/billing_session.go:62.16,64.4 1 0
github.com/QuantumNous/new-api/service/billing_session.go:64.9,66.4 1 0
github.com/QuantumNous/new-api/service/billing_session.go:67.3,67.22 1 0
github.com/QuantumNous/new-api/service/billing_session.go:67.22,71.4 1 0
github.com/QuantumNous/new-api/service/billing_session.go:74.2,74.53 1 0
github.com/QuantumNous/new-api/service/billing_session.go:74.53,76.3 1 0
github.com/QuantumNous/new-api/service/billing_session.go:77.2,78.17 2 0
github.com/QuantumNous/new-api/service/billing_session.go:82.49,84.55 2 0
github.com/QuantumNous/new-api/service/billing_session.go:84.55,87.3 2 0
github.com/QuantumNous/new-api/service/billing_session.go:88.2,106.19 11 0
github.com/QuantumNous/new-api/service/billing_session.go:106.19,108.42 1 0
github.com/QuantumNous/new-api/service/billing_session.go:108.42,110.4 1 0
github.com/QuantumNous/new-api/service/billing_session.go:111.3,111.95 1 0
github.com/QuantumNous/new-api/service/billing_session.go:111.95,112.104 1 0
github.com/QuantumNous/new-api/service/billing_session.go:112.104,114.5 1 0
github.com/QuantumNous/new-api/service/billing_session.go:117.3,117.41 1 0
github.com/QuantumNous/new-api/service/billing_session.go:117.41,118.85 1 0
github.com/QuantumNous/new-api/service/billing_session.go:118.85,120.5 1 0
github.com/QuantumNous/new-api/service/billing_session.go:126.45,130.2 3 0
github.com/QuantumNous/new-api/service/billing_session.go:132.51,133.49 1 0
github.com/QuantumNous/new-api/service/billing_session.go:133.49,136.3 1 0
github.com/QuantumNous/new-api/service/billing_session.go:137.2,137.25 1 0
github.com/QuantumNous/new-api/service/billing_session.go:137.25,139.3 1 0
github.com/QuantumNous/new-api/service/billing_session.go:141.2,141.76 1 0
github.com/QuantumNous/new-api/service/billing_session.go:141.76,143.3 1 0
github.com/QuantumNous/new-api/service/billing_session.go:144.2,144.14 1 0
github.com/QuantumNous/new-api/service/billing_session.go:148.52,150.2 1 0
github.com/QuantumNous/new-api/service/billing_session.go:152.57,156.79 3 0
github.com/QuantumNous/new-api/service/billing_session.go:156.79,158.3 1 0
github.com/QuantumNous/new-api/service/billing_session.go:160.2,161.16 2 0
github.com/QuantumNous/new-api/service/billing_session.go:161.16,163.3 1 0
github.com/QuantumNous/new-api/service/billing_session.go:165.2,165.48 1 0
github.com/QuantumNous/new-api/service/billing_session.go:165.48,167.3 1 0
github.com/QuantumNous/new-api/service/billing_session.go:168.2,168.46 1 0
github.com/QuantumNous/new-api/service/billing_session.go:168.46,171.3 2 0
github.com/QuantumNous/new-api/service/billing_session.go:173.2,177.12 5 0
github.com/QuantumNous/new-api/service/billing_session.go:186.83,190.22 2 0
github.com/QuantumNous/new-api/service/billing_session.go:190.22,194.3 3 0
github.com/QuantumNous/new-api/service/billing_session.go:194.8,194.31 1 0
github.com/QuantumNous/new-api/service/billing_session.go:194.31,196.3 1 0
github.com/QuantumNous/new-api/service/billing_session.go:199.2,199.24 1 0
github.com/QuantumNous/new-api/service/billing_session.go:199.24,200.75 1 0
github.com/QuantumNous/new-api/service/billing_session.go:200.75,202.4 1 0
github.com/QuantumNous/new-api/service/billing_session.go:203.3,203.35 1 0
github.com/QuantumNous/new-api/service/billing_session.go:207.2,207.61 1 0
github.com/QuantumNous/new-api/service/billing_session.go:207.61,209.55 1 0
github.com/QuantumNous/new-api/service/billing_session.go:209.55,210.127 1 0
github.com/QuantumNous/new-api/service/billing_session.go:210.127,213.5 1 0
github.com/QuantumNous/new-api/service/billing_session.go:214.4,214.23 1 0
github.com/QuantumNous/new-api/service/billing_session.go:217.3,218.120 2 0
github.com/QuantumNous/new-api/service/billing_session.go:218.120,220.4 1 0
github.com/QuantumNous/new-api/service/billing_session.go:221.3,221.93 1 0
github.com/QuantumNous/new-api/service/billing_session.go:224.2,229.12 3 0
github.com/QuantumNous/new-api/service/billing_session.go:232.58,233.37 1 0
github.com/QuantumNous/new-api/service/billing_session.go:234.22,235.79 1 0
github.com/QuantumNous/new-api/service/billing_session.go:235.79,237.4 1 0
github.com/QuantumNous/new-api/service/billing_session.go:238.3,239.13 2 0
github.com/QuantumNous/new-api/service/billing_session.go:240.28,241.102 1 0
github.com/QuantumNous/new-api/service/billing_session.go:241.102,249.4 1 0
github.com/QuantumNous/new-api/service/billing_session.go:250.3,250.13 1 0
github.com/QuantumNous/new-api/service/billing_session.go:251.10,252.154 1 0
github.com/QuantumNous/new-api/service/billing_session.go:256.60,257.37 1 0
github.com/QuantumNous/new-api/service/billing_session.go:258.22,259.79 1 0
github.com/QuantumNous/new-api/service/billing_session.go:259.79,261.4 1 0
github.com/QuantumNous/new-api/service/billing_session.go:261.9,263.4 1 0
github.com/QuantumNous/new-api/service/billing_session.go:264.28,265.103 1 0
github.com/QuantumNous/new-api/service/billing_session.go:265.103,267.4 1 0
github.com/QuantumNous/new-api/service/billing_session.go:271.56,272.44 1 0
github.com/QuantumNous/new-api/service/billing_session.go:272.44,274.3 1 0
github.com/QuantumNous/new-api/service/billing_session.go:275.2,275.65 1 0
github.com/QuantumNous/new-api/service/billing_session.go:275.65,277.3 1 0
github.com/QuantumNous/new-api/service/billing_session.go:278.2,278.12 1 0
github.com/QuantumNous/new-api/service/billing_session.go:282.59,284.33 1 0
github.com/QuantumNous/new-api/service/billing_session.go:284.33,286.3 1 0
github.com/QuantumNous/new-api/service/billing_session.go:288.2,289.21 2 0
github.com/QuantumNous/new-api/service/billing_session.go:289.21,291.3 1 0
github.com/QuantumNous/new-api/service/billing_session.go:294.2,295.19 2 0
github.com/QuantumNous/new-api/service/billing_session.go:295.19,298.3 2 0
github.com/QuantumNous/new-api/service/billing_session.go:299.2,299.19 1 0
github.com/QuantumNous/new-api/service/billing_session.go:299.19,301.3 1 0
github.com/QuantumNous/new-api/service/billing_session.go:303.2,303.28 1 0
github.com/QuantumNous/new-api/service/billing_session.go:304.27,305.44 1 0
github.com/QuantumNous/new-api/service/billing_session.go:306.33,311.15 1 0
github.com/QuantumNous/new-api/service/billing_session.go:312.10,313.15 1 0
github.com/QuantumNous/new-api/service/billing_session.go:318.42,323.53 4 0
github.com/QuantumNous/new-api/service/billing_session.go:323.53,331.3 7 0
github.com/QuantumNous/new-api/service/billing_session.go:331.8,334.3 2 0
github.com/QuantumNous/new-api/service/billing_session.go:342.134,343.22 1 0
github.com/QuantumNous/new-api/service/billing_session.go:343.22,345.3 1 0
github.com/QuantumNous/new-api/service/billing_session.go:347.2,350.60 2 0
github.com/QuantumNous/new-api/service/billing_session.go:350.60,352.17 2 0
github.com/QuantumNous/new-api/service/billing_session.go:352.17,354.4 1 0
github.com/QuantumNous/new-api/service/billing_session.go:355.3,355.21 1 0
github.com/QuantumNous/new-api/service/billing_session.go:355.21,360.4 1 0
github.com/QuantumNous/new-api/service/billing_session.go:361.3,361.37 1 0
github.com/QuantumNous/new-api/service/billing_session.go:361.37,366.4 1 0
github.com/QuantumNous/new-api/service/billing_session.go:367.3,373.71 3 0
github.com/QuantumNous/new-api/service/billing_session.go:373.71,375.4 1 0
github.com/QuantumNous/new-api/service/billing_session.go:376.3,376.22 1 0
github.com/QuantumNous/new-api/service/billing_session.go:379.2,379.66 1 0
github.com/QuantumNous/new-api/service/billing_session.go:379.66,381.22 2 0
github.com/QuantumNous/new-api/service/billing_session.go:381.22,383.4 1 0
github.com/QuantumNous/new-api/service/billing_session.go:384.3,395.70 2 0
github.com/QuantumNous/new-api/service/billing_session.go:395.70,397.4 1 0
github.com/QuantumNous/new-api/service/billing_session.go:398.3,398.22 1 0
github.com/QuantumNous/new-api/service/billing_session.go:401.2,401.14 1 0
github.com/QuantumNous/new-api/service/billing_session.go:402.27,403.27 1 0
github.com/QuantumNous/new-api/service/billing_session.go:404.21,405.21 1 0
github.com/QuantumNous/new-api/service/billing_session.go:406.22,408.17 2 0
github.com/QuantumNous/new-api/service/billing_session.go:408.17,409.66 1 0
github.com/QuantumNous/new-api/service/billing_session.go:409.66,411.5 1 0
github.com/QuantumNous/new-api/service/billing_session.go:412.4,412.19 1 0
github.com/QuantumNous/new-api/service/billing_session.go:414.3,414.22 1 0
github.com/QuantumNous/new-api/service/billing_session.go:415.28,416.14 1 0
github.com/QuantumNous/new-api/service/billing_session.go:417.10,419.25 2 0
github.com/QuantumNous/new-api/service/billing_session.go:419.25,421.4 1 0
github.com/QuantumNous/new-api/service/billing_session.go:422.3,422.14 1 0
github.com/QuantumNous/new-api/service/billing_session.go:422.14,424.4 1 0
github.com/QuantumNous/new-api/service/billing_session.go:425.3,426.20 2 0
github.com/QuantumNous/new-api/service/billing_session.go:426.20,427.69 1 0
github.com/QuantumNous/new-api/service/billing_session.go:427.69,429.5 1 0
github.com/QuantumNous/new-api/service/billing_session.go:430.4,430.22 1 0
github.com/QuantumNous/new-api/service/billing_session.go:432.3,432.22 1 0
github.com/QuantumNous/new-api/service/channel.go:14.57,16.2 1 0
github.com/QuantumNous/new-api/service/channel.go:19.69,23.27 2 0
github.com/QuantumNous/new-api/service/channel.go:23.27,26.3 2 0
github.com/QuantumNous/new-api/service/channel.go:28.2,29.13 2 0
github.com/QuantumNous/new-api/service/channel.go:29.13,33.3 3 0
github.com/QuantumNous/new-api/service/channel.go:36.72,38.13 2 0
github.com/QuantumNous/new-api/service/channel.go:38.13,42.3 3 0
github.com/QuantumNous/new-api/service/channel.go:45.56,46.44 1 0
github.com/QuantumNous/new-api/service/channel.go:46.44,48.3 1 0
github.com/QuantumNous/new-api/service/channel.go:49.2,49.16 1 0
github.com/QuantumNous/new-api/service/channel.go:49.16,51.3 1 0
github.com/QuantumNous/new-api/service/channel.go:52.2,52.31 1 0
github.com/QuantumNous/new-api/service/channel.go:52.31,54.3 1 0
github.com/QuantumNous/new-api/service/channel.go:55.2,55.33 1 0
github.com/QuantumNous/new-api/service/channel.go:55.33,57.3 1 0
github.com/QuantumNous/new-api/service/channel.go:58.2,58.65 1 0
github.com/QuantumNous/new-api/service/channel.go:58.65,60.3 1 0
github.com/QuantumNous/new-api/service/channel.go:62.2,64.15 3 0
github.com/QuantumNous/new-api/service/channel.go:67.75,68.43 1 0
github.com/QuantumNous/new-api/service/channel.go:68.43,70.3 1 0
github.com/QuantumNous/new-api/service/channel.go:71.2,71.24 1 0
github.com/QuantumNous/new-api/service/channel.go:71.24,73.3 1 0
github.com/QuantumNous/new-api/service/channel.go:74.2,74.48 1 0
github.com/QuantumNous/new-api/service/channel.go:74.48,76.3 1 0
github.com/QuantumNous/new-api/service/channel.go:77.2,77.13 1 0
github.com/QuantumNous/new-api/service/channel_affinity.go:81.57,82.37 1 0
github.com/QuantumNous/new-api/service/channel_affinity.go:82.37,85.20 3 0
github.com/QuantumNous/new-api/service/channel_affinity.go:85.20,87.4 1 0
github.com/QuantumNous/new-api/service/channel_affinity.go:88.3,89.29 2 0
github.com/QuantumNous/new-api/service/channel_affinity.go:89.29,91.4 1 0
github.com/QuantumNous/new-api/service/channel_affinity.go:93.3,96.30 1 0
github.com/QuantumNous/new-api/service/channel_affinity.go:96.30,98.5 1 0
github.com/QuantumNous/new-api/service/channel_affinity.go:100.46,105.5 1 0
github.com/QuantumNous/new-api/service/channel_affinity.go:108.2,108.29 1 0
github.com/QuantumNous/new-api/service/channel_affinity.go:111.63,113.20 2 0
github.com/QuantumNous/new-api/service/channel_affinity.go:113.20,120.3 1 0
github.com/QuantumNous/new-api/service/channel_affinity.go:122.2,128.26 6 0
github.com/QuantumNous/new-api/service/channel_affinity.go:128.26,130.17 2 0
github.com/QuantumNous/new-api/service/channel_affinity.go:130.17,131.12 1 0
github.com/QuantumNous/new-api/service/channel_affinity.go:133.3,133.25 1 0
github.com/QuantumNous/new-api/service/channel_affinity.go:133.25,134.12 1 0
github.com/QuantumNous/new-api/service/channel_affinity.go:136.3,136.23 1 0
github.com/QuantumNous/new-api/service/channel_affinity.go:139.2,140.31 2 0
github.com/QuantumNous/new-api/service/channel_affinity.go:140.31,142.3 1 0
github.com/QuantumNous/new-api/service/channel_affinity.go:144.2,145.16 2 0
github.com/QuantumNous/new-api/service/channel_affinity.go:145.16,148.3 2 0
github.com/QuantumNous/new-api/service/channel_affinity.go:149.2,151.25 3 0
github.com/QuantumNous/new-api/service/channel_affinity.go:151.25,153.36 2 0
github.com/QuantumNous/new-api/service/channel_affinity.go:153.36,155.12 2 0
github.com/QuantumNous/new-api/service/channel_affinity.go:157.3,159.21 3 0
github.com/QuantumNous/new-api/service/channel_affinity.go:159.21,161.12 2 0
github.com/QuantumNous/new-api/service/channel_affinity.go:163.3,165.10 3 0
github.com/QuantumNous/new-api/service/channel_affinity.go:165.10,167.12 2 0
github.com/QuantumNous/new-api/service/channel_affinity.go:169.3,169.28 1 0
github.com/QuantumNous/new-api/service/channel_affinity.go:169.28,170.22 1 0
github.com/QuantumNous/new-api/service/channel_affinity.go:170.22,172.13 2 0
github.com/QuantumNous/new-api/service/channel_affinity.go:175.3,175.29 1 0
github.com/QuantumNous/new-api/service/channel_affinity.go:175.29,177.29 2 0
github.com/QuantumNous/new-api/service/channel_affinity.go:177.29,179.5 1 0
github.com/QuantumNous/new-api/service/channel_affinity.go:180.4,180.29 1 0
github.com/QuantumNous/new-api/service/channel_affinity.go:180.29,182.13 2 0
github.com/QuantumNous/new-api/service/channel_affinity.go:185.3,185.25 1 0
github.com/QuantumNous/new-api/service/channel_affinity.go:188.2,195.3 1 0
github.com/QuantumNous/new-api/service/channel_affinity.go:198.41,201.16 3 0
github.com/QuantumNous/new-api/service/channel_affinity.go:201.16,204.3 2 0
github.com/QuantumNous/new-api/service/channel_affinity.go:205.2,205.19 1 0
github.com/QuantumNous/new-api/service/channel_affinity.go:205.19,206.51 1 0
github.com/QuantumNous/new-api/service/channel_affinity.go:206.51,208.4 1 0
github.com/QuantumNous/new-api/service/channel_affinity.go:210.2,210.18 1 0
github.com/QuantumNous/new-api/service/channel_affinity.go:213.72,215.20 2 0
github.com/QuantumNous/new-api/service/channel_affinity.go:215.20,217.3 1 0
github.com/QuantumNous/new-api/service/channel_affinity.go:219.2,220.20 2 0
github.com/QuantumNous/new-api/service/channel_affinity.go:220.20,222.3 1 0
github.com/QuantumNous/new-api/service/channel_affinity.go:224.2,225.31 2 0
github.com/QuantumNous/new-api/service/channel_affinity.go:225.31,227.44 2 0
github.com/QuantumNous/new-api/service/channel_affinity.go:227.44,228.12 1 0
github.com/QuantumNous/new-api/service/channel_affinity.go:230.3,231.8 2 0
github.com/QuantumNous/new-api/service/channel_affinity.go:233.2,233.24 1 0
github.com/QuantumNous/new-api/service/channel_affinity.go:233.24,235.3 1 0
github.com/QuantumNous/new-api/service/channel_affinity.go:236.2,236.34 1 0
github.com/QuantumNous/new-api/service/channel_affinity.go:236.34,238.3 1 0
github.com/QuantumNous/new-api/service/channel_affinity.go:240.2,242.16 3 0
github.com/QuantumNous/new-api/service/channel_affinity.go:242.16,244.3 1 0
github.com/QuantumNous/new-api/service/channel_affinity.go:245.2,245.21 1 0
github.com/QuantumNous/new-api/service/channel_affinity.go:248.60,249.35 1 0
github.com/QuantumNous/new-api/service/channel_affinity.go:249.35,251.3 1 0
github.com/QuantumNous/new-api/service/channel_affinity.go:252.2,252.35 1 0
github.com/QuantumNous/new-api/service/channel_affinity.go:252.35,253.20 1 0
github.com/QuantumNous/new-api/service/channel_affinity.go:253.20,254.12 1 0
github.com/QuantumNous/new-api/service/channel_affinity.go:256.3,257.10 2 0
github.com/QuantumNous/new-api/service/channel_affinity.go:257.10,259.18 2 0
github.com/QuantumNous/new-api/service/channel_affinity.go:259.18,260.13 1 0
github.com/QuantumNous/new-api/service/channel_affinity.go:262.4,263.48 2 0
github.com/QuantumNous/new-api/service/channel_affinity.go:265.3,265.41 1 0
github.com/QuantumNous/new-api/service/channel_affinity.go:265.41,267.4 1 0
github.com/QuantumNous/new-api/service/channel_affinity.go:269.2,269.14 1 0
github.com/QuantumNous/new-api/service/channel_affinity.go:272.60,273.35 1 0
github.com/QuantumNous/new-api/service/channel_affinity.go:273.35,275.3 1 0
github.com/QuantumNous/new-api/service/channel_affinity.go:276.2,277.29 2 0
github.com/QuantumNous/new-api/service/channel_affinity.go:277.29,279.14 2 0
github.com/QuantumNous/new-api/service/channel_affinity.go:279.14,280.12 1 0
github.com/QuantumNous/new-api/service/channel_affinity.go:282.3,282.51 1 0
github.com/QuantumNous/new-api/service/channel_affinity.go:282.51,284.4 1 0
github.com/QuantumNous/new-api/service/channel_affinity.go:286.2,286.14 1 0
github.com/QuantumNous/new-api/service/channel_affinity.go:289.105,290.18 1 0
github.com/QuantumNous/new-api/service/channel_affinity.go:291.21,292.20 1 0
github.com/QuantumNous/new-api/service/channel_affinity.go:292.20,294.4 1 0
github.com/QuantumNous/new-api/service/channel_affinity.go:295.3,296.13 2 0
github.com/QuantumNous/new-api/service/channel_affinity.go:296.13,298.4 1 0
github.com/QuantumNous/new-api/service/channel_affinity.go:299.3,299.25 1 0
github.com/QuantumNous/new-api/service/channel_affinity.go:300.24,301.20 1 0
github.com/QuantumNous/new-api/service/channel_affinity.go:301.20,303.4 1 0
github.com/QuantumNous/new-api/service/channel_affinity.go:304.3,304.49 1 0
github.com/QuantumNous/new-api/service/channel_affinity.go:305.15,306.21 1 0
github.com/QuantumNous/new-api/service/channel_affinity.go:306.21,308.4 1 0
github.com/QuantumNous/new-api/service/channel_affinity.go:309.3,310.17 2 0
github.com/QuantumNous/new-api/service/channel_affinity.go:310.17,312.4 1 0
github.com/QuantumNous/new-api/service/channel_affinity.go:313.3,314.35 2 0
github.com/QuantumNous/new-api/service/channel_affinity.go:314.35,316.4 1 0
github.com/QuantumNous/new-api/service/channel_affinity.go:317.3,318.20 2 0
github.com/QuantumNous/new-api/service/channel_affinity.go:318.20,320.4 1 0
github.com/QuantumNous/new-api/service/channel_affinity.go:321.3,321.19 1 0
github.com/QuantumNous/new-api/service/channel_affinity.go:322.60,323.42 1 0
github.com/QuantumNous/new-api/service/channel_affinity.go:324.11,325.37 1 0
github.com/QuantumNous/new-api/service/channel_affinity.go:327.10,328.12 1 0
github.com/QuantumNous/new-api/service/channel_affinity.go:332.151,334.45 2 0
github.com/QuantumNous/new-api/service/channel_affinity.go:334.45,336.3 1 0
github.com/QuantumNous/new-api/service/channel_affinity.go:337.2,337.46 1 0
github.com/QuantumNous/new-api/service/channel_affinity.go:337.46,339.3 1 0
github.com/QuantumNous/new-api/service/channel_affinity.go:340.2,340.48 1 0
github.com/QuantumNous/new-api/service/channel_affinity.go:340.48,342.3 1 0
github.com/QuantumNous/new-api/service/channel_affinity.go:343.2,344.33 2 0
github.com/QuantumNous/new-api/service/channel_affinity.go:347.74,351.2 3 0
github.com/QuantumNous/new-api/service/channel_affinity.go:353.68,355.9 2 0
github.com/QuantumNous/new-api/service/channel_affinity.go:355.9,357.3 1 0
github.com/QuantumNous/new-api/service/channel_affinity.go:358.2,359.22 2 0
github.com/QuantumNous/new-api/service/channel_affinity.go:359.22,361.3 1 0
github.com/QuantumNous/new-api/service/channel_affinity.go:362.2,363.9 2 0
github.com/QuantumNous/new-api/service/channel_affinity.go:363.9,365.3 1 0
github.com/QuantumNous/new-api/service/channel_affinity.go:366.2,367.30 2 0
github.com/QuantumNous/new-api/service/channel_affinity.go:370.73,372.9 2 0
github.com/QuantumNous/new-api/service/channel_affinity.go:372.9,374.3 1 0
github.com/QuantumNous/new-api/service/channel_affinity.go:375.2,376.9 2 0
github.com/QuantumNous/new-api/service/channel_affinity.go:376.9,378.3 1 0
github.com/QuantumNous/new-api/service/channel_affinity.go:379.2,379.19 1 0
github.com/QuantumNous/new-api/service/channel_affinity.go:382.89,383.14 1 0
github.com/QuantumNous/new-api/service/channel_affinity.go:383.14,385.3 1 0
github.com/QuantumNous/new-api/service/channel_affinity.go:386.2,387.9 2 0
github.com/QuantumNous/new-api/service/channel_affinity.go:387.9,389.3 1 0
github.com/QuantumNous/new-api/service/channel_affinity.go:390.2,393.35 4 0
github.com/QuantumNous/new-api/service/channel_affinity.go:393.35,395.3 1 0
github.com/QuantumNous/new-api/service/channel_affinity.go:396.2,397.21 2 0
github.com/QuantumNous/new-api/service/channel_affinity.go:397.21,399.3 1 0
github.com/QuantumNous/new-api/service/channel_affinity.go:400.2,405.9 1 0
github.com/QuantumNous/new-api/service/channel_affinity.go:408.43,409.13 1 0
github.com/QuantumNous/new-api/service/channel_affinity.go:409.13,411.3 1 0
github.com/QuantumNous/new-api/service/channel_affinity.go:412.2,413.19 2 0
github.com/QuantumNous/new-api/service/channel_affinity.go:413.19,415.3 1 0
github.com/QuantumNous/new-api/service/channel_affinity.go:416.2,416.12 1 0
github.com/QuantumNous/new-api/service/channel_affinity.go:419.51,421.13 2 0
github.com/QuantumNous/new-api/service/channel_affinity.go:421.13,423.3 1 0
github.com/QuantumNous/new-api/service/channel_affinity.go:424.2,426.18 3 0
github.com/QuantumNous/new-api/service/channel_affinity.go:426.18,428.3 1 0
github.com/QuantumNous/new-api/service/channel_affinity.go:429.2,429.37 1 0
github.com/QuantumNous/new-api/service/channel_affinity.go:432.75,433.19 1 0
github.com/QuantumNous/new-api/service/channel_affinity.go:433.19,435.3 1 0
github.com/QuantumNous/new-api/service/channel_affinity.go:436.2,437.24 2 0
github.com/QuantumNous/new-api/service/channel_affinity.go:437.24,439.3 1 0
github.com/QuantumNous/new-api/service/channel_affinity.go:440.2,440.12 1 0
github.com/QuantumNous/new-api/service/channel_affinity.go:443.107,444.37 1 0
github.com/QuantumNous/new-api/service/channel_affinity.go:444.37,446.3 1 0
github.com/QuantumNous/new-api/service/channel_affinity.go:447.2,447.19 1 0
github.com/QuantumNous/new-api/service/channel_affinity.go:447.19,449.3 1 0
github.com/QuantumNous/new-api/service/channel_affinity.go:450.2,451.24 2 0
github.com/QuantumNous/new-api/service/channel_affinity.go:451.24,452.60 1 0
github.com/QuantumNous/new-api/service/channel_affinity.go:452.60,455.17 3 0
github.com/QuantumNous/new-api/service/channel_affinity.go:455.17,456.19 1 0
github.com/QuantumNous/new-api/service/channel_affinity.go:456.19,458.6 1 0
github.com/QuantumNous/new-api/service/channel_affinity.go:458.11,460.6 1 0
github.com/QuantumNous/new-api/service/channel_affinity.go:461.5,461.13 1 0
github.com/QuantumNous/new-api/service/channel_affinity.go:464.3,464.34 1 0
github.com/QuantumNous/new-api/service/channel_affinity.go:464.34,465.12 1 0
github.com/QuantumNous/new-api/service/channel_affinity.go:467.3,467.13 1 0
github.com/QuantumNous/new-api/service/channel_affinity.go:469.2,469.12 1 0
github.com/QuantumNous/new-api/service/channel_affinity.go:472.70,473.29 1 0
github.com/QuantumNous/new-api/service/channel_affinity.go:474.21,475.20 1 0
github.com/QuantumNous/new-api/service/channel_affinity.go:475.20,477.4 1 0
github.com/QuantumNous/new-api/service/channel_affinity.go:478.3,480.22 3 0
github.com/QuantumNous/new-api/service/channel_affinity.go:481.32,483.26 2 0
github.com/QuantumNous/new-api/service/channel_affinity.go:483.26,485.4 1 0
github.com/QuantumNous/new-api/service/channel_affinity.go:486.3,486.22 1 0
github.com/QuantumNous/new-api/service/channel_affinity.go:487.10,488.20 1 0
github.com/QuantumNous/new-api/service/channel_affinity.go:492.87,493.14 1 0
github.com/QuantumNous/new-api/service/channel_affinity.go:493.14,495.3 1 0
github.com/QuantumNous/new-api/service/channel_affinity.go:496.2,496.34 1 0
github.com/QuantumNous/new-api/service/channel_affinity.go:496.34,498.3 1 0
github.com/QuantumNous/new-api/service/channel_affinity.go:500.2,505.60 2 0
github.com/QuantumNous/new-api/service/channel_affinity.go:505.60,506.55 1 0
github.com/QuantumNous/new-api/service/channel_affinity.go:506.55,510.4 3 0
github.com/QuantumNous/new-api/service/channel_affinity.go:512.2,524.4 1 0
github.com/QuantumNous/new-api/service/channel_affinity.go:528.128,529.14 1 0
github.com/QuantumNous/new-api/service/channel_affinity.go:529.14,531.3 1 0
github.com/QuantumNous/new-api/service/channel_affinity.go:532.2,533.9 2 0
github.com/QuantumNous/new-api/service/channel_affinity.go:533.9,535.3 1 0
github.com/QuantumNous/new-api/service/channel_affinity.go:536.2,536.34 1 0
github.com/QuantumNous/new-api/service/channel_affinity.go:536.34,538.3 1 0
github.com/QuantumNous/new-api/service/channel_affinity.go:540.2,542.26 3 0
github.com/QuantumNous/new-api/service/channel_affinity.go:545.101,547.40 2 0
github.com/QuantumNous/new-api/service/channel_affinity.go:547.40,549.3 1 0
github.com/QuantumNous/new-api/service/channel_affinity.go:550.2,551.58 2 0
github.com/QuantumNous/new-api/service/channel_affinity.go:551.58,553.3 1 0
github.com/QuantumNous/new-api/service/channel_affinity.go:554.2,555.34 2 0
github.com/QuantumNous/new-api/service/channel_affinity.go:555.34,557.3 1 0
github.com/QuantumNous/new-api/service/channel_affinity.go:559.2,559.37 1 0
github.com/QuantumNous/new-api/service/channel_affinity.go:559.37,560.55 1 0
github.com/QuantumNous/new-api/service/channel_affinity.go:560.55,561.12 1 0
github.com/QuantumNous/new-api/service/channel_affinity.go:563.3,563.76 1 0
github.com/QuantumNous/new-api/service/channel_affinity.go:563.76,564.12 1 0
github.com/QuantumNous/new-api/service/channel_affinity.go:566.3,566.95 1 0
github.com/QuantumNous/new-api/service/channel_affinity.go:566.95,567.12 1 0
github.com/QuantumNous/new-api/service/channel_affinity.go:569.3,571.39 3 0
github.com/QuantumNous/new-api/service/channel_affinity.go:571.39,573.27 2 0
github.com/QuantumNous/new-api/service/channel_affinity.go:573.27,575.10 2 0
github.com/QuantumNous/new-api/service/channel_affinity.go:578.3,578.26 1 0
github.com/QuantumNous/new-api/service/channel_affinity.go:578.26,579.12 1 0
github.com/QuantumNous/new-api/service/channel_affinity.go:581.3,581.94 1 0
github.com/QuantumNous/new-api/service/channel_affinity.go:581.94,582.12 1 0
github.com/QuantumNous/new-api/service/channel_affinity.go:585.3,586.22 2 0
github.com/QuantumNous/new-api/service/channel_affinity.go:586.22,588.4 1 0
github.com/QuantumNous/new-api/service/channel_affinity.go:589.3,609.17 6 0
github.com/QuantumNous/new-api/service/channel_affinity.go:609.17,612.4 2 0
github.com/QuantumNous/new-api/service/channel_affinity.go:613.3,613.12 1 0
github.com/QuantumNous/new-api/service/channel_affinity.go:613.12,615.4 1 0
github.com/QuantumNous/new-api/service/channel_affinity.go:616.3,616.18 1 0
github.com/QuantumNous/new-api/service/channel_affinity.go:618.2,618.17 1 0
github.com/QuantumNous/new-api/service/channel_affinity.go:621.70,622.14 1 0
github.com/QuantumNous/new-api/service/channel_affinity.go:622.14,624.3 1 0
github.com/QuantumNous/new-api/service/channel_affinity.go:625.2,626.8 2 0
github.com/QuantumNous/new-api/service/channel_affinity.go:626.8,628.9 2 0
github.com/QuantumNous/new-api/service/channel_affinity.go:628.9,630.4 1 0
github.com/QuantumNous/new-api/service/channel_affinity.go:632.2,633.9 2 0
github.com/QuantumNous/new-api/service/channel_affinity.go:633.9,635.3 1 0
github.com/QuantumNous/new-api/service/channel_affinity.go:636.2,636.23 1 0
github.com/QuantumNous/new-api/service/channel_affinity.go:639.83,640.32 1 0
github.com/QuantumNous/new-api/service/channel_affinity.go:640.32,642.3 1 0
github.com/QuantumNous/new-api/service/channel_affinity.go:643.2,644.9 2 0
github.com/QuantumNous/new-api/service/channel_affinity.go:644.9,646.3 1 0
github.com/QuantumNous/new-api/service/channel_affinity.go:647.2,662.43 3 0
github.com/QuantumNous/new-api/service/channel_affinity.go:665.87,666.34 1 0
github.com/QuantumNous/new-api/service/channel_affinity.go:666.34,668.3 1 0
github.com/QuantumNous/new-api/service/channel_affinity.go:669.2,670.27 2 0
github.com/QuantumNous/new-api/service/channel_affinity.go:670.27,672.3 1 0
github.com/QuantumNous/new-api/service/channel_affinity.go:673.2,673.41 1 0
github.com/QuantumNous/new-api/service/channel_affinity.go:676.59,677.20 1 0
github.com/QuantumNous/new-api/service/channel_affinity.go:677.20,679.3 1 0
github.com/QuantumNous/new-api/service/channel_affinity.go:680.2,681.40 2 0
github.com/QuantumNous/new-api/service/channel_affinity.go:681.40,683.3 1 0
github.com/QuantumNous/new-api/service/channel_affinity.go:684.2,684.41 1 0
github.com/QuantumNous/new-api/service/channel_affinity.go:684.41,685.71 1 0
github.com/QuantumNous/new-api/service/channel_affinity.go:685.71,687.4 1 0
github.com/QuantumNous/new-api/service/channel_affinity.go:689.2,690.9 2 0
github.com/QuantumNous/new-api/service/channel_affinity.go:690.9,692.3 1 0
github.com/QuantumNous/new-api/service/channel_affinity.go:693.2,693.21 1 0
github.com/QuantumNous/new-api/service/channel_affinity.go:693.21,695.3 1 0
github.com/QuantumNous/new-api/service/channel_affinity.go:696.2,696.21 1 0
github.com/QuantumNous/new-api/service/channel_affinity.go:696.21,698.3 1 0
github.com/QuantumNous/new-api/service/channel_affinity.go:699.2,700.101 2 0
github.com/QuantumNous/new-api/service/channel_affinity.go:700.101,702.3 1 0
github.com/QuantumNous/new-api/service/channel_affinity.go:741.117,743.2 1 0
github.com/QuantumNous/new-api/service/channel_affinity.go:745.112,747.9 2 0
github.com/QuantumNous/new-api/service/channel_affinity.go:747.9,749.3 1 0
github.com/QuantumNous/new-api/service/channel_affinity.go:750.2,750.72 1 0
github.com/QuantumNous/new-api/service/channel_affinity.go:753.107,759.20 5 0
github.com/QuantumNous/new-api/service/channel_affinity.go:759.20,765.3 1 0
github.com/QuantumNous/new-api/service/channel_affinity.go:767.2,769.26 3 0
github.com/QuantumNous/new-api/service/channel_affinity.go:769.26,775.3 1 0
github.com/QuantumNous/new-api/service/channel_affinity.go:776.2,790.3 1 0
github.com/QuantumNous/new-api/service/channel_affinity.go:793.123,795.20 2 0
github.com/QuantumNous/new-api/service/channel_affinity.go:795.20,797.3 1 0
github.com/QuantumNous/new-api/service/channel_affinity.go:799.2,800.24 2 0
github.com/QuantumNous/new-api/service/channel_affinity.go:800.24,802.3 1 0
github.com/QuantumNous/new-api/service/channel_affinity.go:804.2,812.16 7 0
github.com/QuantumNous/new-api/service/channel_affinity.go:812.16,814.3 1 0
github.com/QuantumNous/new-api/service/channel_affinity.go:815.2,816.12 2 0
github.com/QuantumNous/new-api/service/channel_affinity.go:816.12,818.3 1 0
github.com/QuantumNous/new-api/service/channel_affinity.go:819.2,820.23 2 0
github.com/QuantumNous/new-api/service/channel_affinity.go:820.23,821.37 1 0
github.com/QuantumNous/new-api/service/channel_affinity.go:821.37,823.4 1 0
github.com/QuantumNous/new-api/service/channel_affinity.go:823.9,823.108 1 0
github.com/QuantumNous/new-api/service/channel_affinity.go:823.108,825.4 1 0
github.com/QuantumNous/new-api/service/channel_affinity.go:827.2,829.9 3 0
github.com/QuantumNous/new-api/service/channel_affinity.go:829.9,831.3 1 0
github.com/QuantumNous/new-api/service/channel_affinity.go:832.2,839.43 8 0
github.com/QuantumNous/new-api/service/channel_affinity.go:842.55,843.14 1 0
github.com/QuantumNous/new-api/service/channel_affinity.go:844.42,845.44 1 0
github.com/QuantumNous/new-api/service/channel_affinity.go:846.52,847.54 1 0
github.com/QuantumNous/new-api/service/channel_affinity.go:848.31,849.33 1 0
github.com/QuantumNous/new-api/service/channel_affinity.go:850.10,851.12 1 0
github.com/QuantumNous/new-api/service/channel_affinity.go:855.77,856.21 1 0
github.com/QuantumNous/new-api/service/channel_affinity.go:857.109,858.44 1 0
github.com/QuantumNous/new-api/service/channel_affinity.go:859.31,860.54 1 0
github.com/QuantumNous/new-api/service/channel_affinity.go:861.10,862.12 1 0
github.com/QuantumNous/new-api/service/channel_affinity.go:866.83,870.35 4 0
github.com/QuantumNous/new-api/service/channel_affinity.go:870.35,872.3 1 0
github.com/QuantumNous/new-api/service/channel_affinity.go:873.2,873.52 1 0
github.com/QuantumNous/new-api/service/channel_affinity.go:876.101,877.18 1 0
github.com/QuantumNous/new-api/service/channel_affinity.go:877.18,879.3 1 0
github.com/QuantumNous/new-api/service/channel_affinity.go:881.2,882.48 2 0
github.com/QuantumNous/new-api/service/channel_affinity.go:882.48,884.3 1 0
github.com/QuantumNous/new-api/service/channel_affinity.go:884.8,884.89 1 0
github.com/QuantumNous/new-api/service/channel_affinity.go:884.89,886.3 1 0
github.com/QuantumNous/new-api/service/channel_affinity.go:887.2,888.36 2 0
github.com/QuantumNous/new-api/service/channel_affinity.go:888.36,890.3 1 0
github.com/QuantumNous/new-api/service/channel_affinity.go:891.2,891.45 1 0
github.com/QuantumNous/new-api/service/channel_affinity.go:894.46,895.18 1 0
github.com/QuantumNous/new-api/service/channel_affinity.go:895.18,897.3 1 0
github.com/QuantumNous/new-api/service/channel_affinity.go:898.2,898.28 1 0
github.com/QuantumNous/new-api/service/channel_affinity.go:898.28,900.3 1 0
github.com/QuantumNous/new-api/service/channel_affinity.go:901.2,901.26 1 0
github.com/QuantumNous/new-api/service/channel_affinity.go:904.50,905.18 1 0
github.com/QuantumNous/new-api/service/channel_affinity.go:905.18,907.3 1 0
github.com/QuantumNous/new-api/service/channel_affinity.go:908.2,908.32 1 0
github.com/QuantumNous/new-api/service/channel_affinity.go:908.32,910.3 1 0
github.com/QuantumNous/new-api/service/channel_affinity.go:911.2,911.27 1 0
github.com/QuantumNous/new-api/service/channel_affinity.go:914.45,915.18 1 0
github.com/QuantumNous/new-api/service/channel_affinity.go:915.18,917.3 1 0
github.com/QuantumNous/new-api/service/channel_affinity.go:918.2,918.27 1 0
github.com/QuantumNous/new-api/service/channel_affinity.go:918.27,920.3 1 0
github.com/QuantumNous/new-api/service/channel_affinity.go:921.2,923.22 3 0
github.com/QuantumNous/new-api/service/channel_affinity.go:923.22,925.3 1 0
github.com/QuantumNous/new-api/service/channel_affinity.go:926.2,926.10 1 0
github.com/QuantumNous/new-api/service/channel_affinity.go:929.102,930.47 1 0
github.com/QuantumNous/new-api/service/channel_affinity.go:930.47,934.21 4 0
github.com/QuantumNous/new-api/service/channel_affinity.go:934.21,935.30 1 0
github.com/QuantumNous/new-api/service/channel_affinity.go:935.30,937.5 1 0
github.com/QuantumNous/new-api/service/channel_affinity.go:938.4,938.37 1 0
github.com/QuantumNous/new-api/service/channel_affinity.go:938.37,940.5 1 0
github.com/QuantumNous/new-api/service/channel_affinity.go:943.3,946.30 1 0
github.com/QuantumNous/new-api/service/channel_affinity.go:946.30,948.5 1 0
github.com/QuantumNous/new-api/service/channel_affinity.go:950.76,955.5 1 0
github.com/QuantumNous/new-api/service/channel_affinity.go:958.2,958.44 1 0
github.com/QuantumNous/new-api/service/channel_affinity.go:961.65,966.2 4 0
github.com/QuantumNous/new-api/service/channel_select.go:22.37,23.20 1 0
github.com/QuantumNous/new-api/service/channel_select.go:23.20,25.3 1 0
github.com/QuantumNous/new-api/service/channel_select.go:26.2,26.17 1 0
github.com/QuantumNous/new-api/service/channel_select.go:29.42,31.2 1 0
github.com/QuantumNous/new-api/service/channel_select.go:33.38,34.20 1 0
github.com/QuantumNous/new-api/service/channel_select.go:34.20,37.3 2 0
github.com/QuantumNous/new-api/service/channel_select.go:38.2,38.20 1 0
github.com/QuantumNous/new-api/service/channel_select.go:38.20,40.3 1 0
github.com/QuantumNous/new-api/service/channel_select.go:41.2,41.12 1 0
github.com/QuantumNous/new-api/service/channel_select.go:44.42,46.2 1 0
github.com/QuantumNous/new-api/service/channel_select.go:83.88,89.32 5 0
github.com/QuantumNous/new-api/service/channel_select.go:89.32,90.40 1 0
github.com/QuantumNous/new-api/service/channel_select.go:90.40,92.4 1 0
github.com/QuantumNous/new-api/service/channel_select.go:93.3,100.107 4 0
github.com/QuantumNous/new-api/service/channel_select.go:100.107,101.43 1 0
github.com/QuantumNous/new-api/service/channel_select.go:101.43,103.5 1 0
github.com/QuantumNous/new-api/service/channel_select.go:106.3,106.54 1 0
github.com/QuantumNous/new-api/service/channel_select.go:106.54,113.27 3 0
github.com/QuantumNous/new-api/service/channel_select.go:113.27,115.5 1 0
github.com/QuantumNous/new-api/service/channel_select.go:116.4,119.22 3 0
github.com/QuantumNous/new-api/service/channel_select.go:119.22,129.13 5 0
github.com/QuantumNous/new-api/service/channel_select.go:131.4,137.61 4 0
github.com/QuantumNous/new-api/service/channel_select.go:137.61,148.5 4 0
github.com/QuantumNous/new-api/service/channel_select.go:148.10,152.5 1 0
github.com/QuantumNous/new-api/service/channel_select.go:153.4,153.9 1 0
github.com/QuantumNous/new-api/service/channel_select.go:155.8,157.17 2 0
github.com/QuantumNous/new-api/service/channel_select.go:157.17,159.4 1 0
github.com/QuantumNous/new-api/service/channel_select.go:161.2,161.34 1 0
github.com/QuantumNous/new-api/service/codex_credential_refresh.go:31.61,32.34 1 0
github.com/QuantumNous/new-api/service/codex_credential_refresh.go:32.34,34.3 1 0
github.com/QuantumNous/new-api/service/codex_credential_refresh.go:35.2,36.60 2 0
github.com/QuantumNous/new-api/service/codex_credential_refresh.go:36.60,38.3 1 0
github.com/QuantumNous/new-api/service/codex_credential_refresh.go:39.2,39.18 1 0
github.com/QuantumNous/new-api/service/codex_credential_refresh.go:42.148,44.16 2 0
github.com/QuantumNous/new-api/service/codex_credential_refresh.go:44.16,46.3 1 0
github.com/QuantumNous/new-api/service/codex_credential_refresh.go:47.2,47.15 1 0
github.com/QuantumNous/new-api/service/codex_credential_refresh.go:47.15,49.3 1 0
github.com/QuantumNous/new-api/service/codex_credential_refresh.go:50.2,50.42 1 0
github.com/QuantumNous/new-api/service/codex_credential_refresh.go:50.42,52.3 1 0
github.com/QuantumNous/new-api/service/codex_credential_refresh.go:54.2,55.16 2 0
github.com/QuantumNous/new-api/service/codex_credential_refresh.go:55.16,57.3 1 0
github.com/QuantumNous/new-api/service/codex_credential_refresh.go:58.2,58.52 1 0
github.com/QuantumNous/new-api/service/codex_credential_refresh.go:58.52,60.3 1 0
github.com/QuantumNous/new-api/service/codex_credential_refresh.go:62.2,66.16 4 0
github.com/QuantumNous/new-api/service/codex_credential_refresh.go:66.16,68.3 1 0
github.com/QuantumNous/new-api/service/codex_credential_refresh.go:70.2,74.44 5 0
github.com/QuantumNous/new-api/service/codex_credential_refresh.go:74.44,76.3 1 0
github.com/QuantumNous/new-api/service/codex_credential_refresh.go:78.2,78.49 1 0
github.com/QuantumNous/new-api/service/codex_credential_refresh.go:78.49,79.78 1 0
github.com/QuantumNous/new-api/service/codex_credential_refresh.go:79.78,81.4 1 0
github.com/QuantumNous/new-api/service/codex_credential_refresh.go:83.2,83.45 1 0
github.com/QuantumNous/new-api/service/codex_credential_refresh.go:83.45,84.65 1 0
github.com/QuantumNous/new-api/service/codex_credential_refresh.go:84.65,86.4 1 0
github.com/QuantumNous/new-api/service/codex_credential_refresh.go:89.2,90.16 2 0
github.com/QuantumNous/new-api/service/codex_credential_refresh.go:90.16,92.3 1 0
github.com/QuantumNous/new-api/service/codex_credential_refresh.go:94.2,94.117 1 0
github.com/QuantumNous/new-api/service/codex_credential_refresh.go:94.117,96.3 1 0
github.com/QuantumNous/new-api/service/codex_credential_refresh.go:98.2,98.22 1 0
github.com/QuantumNous/new-api/service/codex_credential_refresh.go:98.22,101.3 2 0
github.com/QuantumNous/new-api/service/codex_credential_refresh.go:103.2,103.26 1 0
github.com/QuantumNous/new-api/service/codex_credential_refresh_task.go:31.59,33.2 1 0
github.com/QuantumNous/new-api/service/codex_credential_refresh_task.go:35.44,36.39 1 0
github.com/QuantumNous/new-api/service/codex_credential_refresh_task.go:36.39,37.27 1 0
github.com/QuantumNous/new-api/service/codex_credential_refresh_task.go:37.27,39.4 1 0
github.com/QuantumNous/new-api/service/codex_credential_refresh_task.go:41.3,41.20 1 0
github.com/QuantumNous/new-api/service/codex_credential_refresh_task.go:41.20,48.23 5 0
github.com/QuantumNous/new-api/service/codex_credential_refresh_task.go:48.23,50.5 1 0
github.com/QuantumNous/new-api/service/codex_credential_refresh_task.go:55.42,56.64 1 0
github.com/QuantumNous/new-api/service/codex_credential_refresh_task.go:56.64,58.3 1 0
github.com/QuantumNous/new-api/service/codex_credential_refresh_task.go:59.2,68.6 7 0
github.com/QuantumNous/new-api/service/codex_credential_refresh_task.go:68.6,81.17 3 0
github.com/QuantumNous/new-api/service/codex_credential_refresh_task.go:81.17,84.4 2 0
github.com/QuantumNous/new-api/service/codex_credential_refresh_task.go:85.3,85.25 1 0
github.com/QuantumNous/new-api/service/codex_credential_refresh_task.go:85.25,86.9 1 0
github.com/QuantumNous/new-api/service/codex_credential_refresh_task.go:88.3,90.31 2 0
github.com/QuantumNous/new-api/service/codex_credential_refresh_task.go:90.31,91.17 1 0
github.com/QuantumNous/new-api/service/codex_credential_refresh_task.go:91.17,92.13 1 0
github.com/QuantumNous/new-api/service/codex_credential_refresh_task.go:94.4,95.33 2 0
github.com/QuantumNous/new-api/service/codex_credential_refresh_task.go:95.33,96.13 1 0
github.com/QuantumNous/new-api/service/codex_credential_refresh_task.go:99.4,100.20 2 0
github.com/QuantumNous/new-api/service/codex_credential_refresh_task.go:100.20,101.13 1 0
github.com/QuantumNous/new-api/service/codex_credential_refresh_task.go:104.4,105.18 2 0
github.com/QuantumNous/new-api/service/codex_credential_refresh_task.go:105.18,106.13 1 0
github.com/QuantumNous/new-api/service/codex_credential_refresh_task.go:109.4,110.26 2 0
github.com/QuantumNous/new-api/service/codex_credential_refresh_task.go:110.26,111.13 1 0
github.com/QuantumNous/new-api/service/codex_credential_refresh_task.go:114.4,116.97 3 0
github.com/QuantumNous/new-api/service/codex_credential_refresh_task.go:116.97,117.13 1 0
github.com/QuantumNous/new-api/service/codex_credential_refresh_task.go:120.4,123.18 4 0
github.com/QuantumNous/new-api/service/codex_credential_refresh_task.go:123.18,125.13 2 0
github.com/QuantumNous/new-api/service/codex_credential_refresh_task.go:128.4,129.149 2 0
github.com/QuantumNous/new-api/service/codex_credential_refresh_task.go:133.2,133.19 1 0
github.com/QuantumNous/new-api/service/codex_credential_refresh_task.go:133.19,134.10 1 0
github.com/QuantumNous/new-api/service/codex_credential_refresh_task.go:134.10,135.17 1 0
github.com/QuantumNous/new-api/service/codex_credential_refresh_task.go:135.17,136.33 1 0
github.com/QuantumNous/new-api/service/codex_credential_refresh_task.go:136.33,138.6 1 0
github.com/QuantumNous/new-api/service/codex_credential_refresh_task.go:140.4,140.28 1 0
github.com/QuantumNous/new-api/service/codex_credential_refresh_task.go:142.3,142.26 1 0
github.com/QuantumNous/new-api/service/codex_credential_refresh_task.go:145.2,145.25 1 0
github.com/QuantumNous/new-api/service/codex_credential_refresh_task.go:145.25,147.3 1 0
github.com/QuantumNous/new-api/service/codex_oauth.go:42.103,44.2 1 0
github.com/QuantumNous/new-api/service/codex_oauth.go:46.129,48.16 2 0
github.com/QuantumNous/new-api/service/codex_oauth.go:48.16,50.3 1 0
github.com/QuantumNous/new-api/service/codex_oauth.go:51.2,51.98 1 0
github.com/QuantumNous/new-api/service/codex_oauth.go:54.120,56.2 1 0
github.com/QuantumNous/new-api/service/codex_oauth.go:58.146,60.16 2 0
github.com/QuantumNous/new-api/service/codex_oauth.go:60.16,62.3 1 0
github.com/QuantumNous/new-api/service/codex_oauth.go:63.2,63.131 1 0
github.com/QuantumNous/new-api/service/codex_oauth.go:66.80,68.16 2 0
github.com/QuantumNous/new-api/service/codex_oauth.go:68.16,70.3 1 0
github.com/QuantumNous/new-api/service/codex_oauth.go:71.2,72.16 2 0
github.com/QuantumNous/new-api/service/codex_oauth.go:72.16,74.3 1 0
github.com/QuantumNous/new-api/service/codex_oauth.go:75.2,76.16 2 0
github.com/QuantumNous/new-api/service/codex_oauth.go:76.16,78.3 1 0
github.com/QuantumNous/new-api/service/codex_oauth.go:79.2,84.8 1 0
github.com/QuantumNous/new-api/service/codex_oauth.go:93.35,95.14 2 0
github.com/QuantumNous/new-api/service/codex_oauth.go:95.14,97.3 1 0
github.com/QuantumNous/new-api/service/codex_oauth.go:99.2,105.16 6 0
github.com/QuantumNous/new-api/service/codex_oauth.go:105.16,107.3 1 0
github.com/QuantumNous/new-api/service/codex_oauth.go:108.2,112.16 4 0
github.com/QuantumNous/new-api/service/codex_oauth.go:112.16,114.3 1 0
github.com/QuantumNous/new-api/service/codex_oauth.go:115.2,123.63 3 0
github.com/QuantumNous/new-api/service/codex_oauth.go:123.63,125.3 1 0
github.com/QuantumNous/new-api/service/codex_oauth.go:126.2,126.53 1 0
github.com/QuantumNous/new-api/service/codex_oauth.go:126.53,128.3 1 0
github.com/QuantumNous/new-api/service/codex_oauth.go:130.2,130.125 1 0
github.com/QuantumNous/new-api/service/codex_oauth.go:130.125,132.3 1 0
github.com/QuantumNous/new-api/service/codex_oauth.go:134.2,138.8 1 0
github.com/QuantumNous/new-api/service/codex_oauth.go:149.35,152.13 3 0
github.com/QuantumNous/new-api/service/codex_oauth.go:152.13,154.3 1 0
github.com/QuantumNous/new-api/service/codex_oauth.go:155.2,155.13 1 0
github.com/QuantumNous/new-api/service/codex_oauth.go:155.13,157.3 1 0
github.com/QuantumNous/new-api/service/codex_oauth.go:159.2,167.16 8 0
github.com/QuantumNous/new-api/service/codex_oauth.go:167.16,169.3 1 0
github.com/QuantumNous/new-api/service/codex_oauth.go:170.2,174.16 4 0
github.com/QuantumNous/new-api/service/codex_oauth.go:174.16,176.3 1 0
github.com/QuantumNous/new-api/service/codex_oauth.go:177.2,184.63 3 0
github.com/QuantumNous/new-api/service/codex_oauth.go:184.63,186.3 1 0
github.com/QuantumNous/new-api/service/codex_oauth.go:187.2,187.53 1 0
github.com/QuantumNous/new-api/service/codex_oauth.go:187.53,189.3 1 0
github.com/QuantumNous/new-api/service/codex_oauth.go:190.2,190.125 1 0
github.com/QuantumNous/new-api/service/codex_oauth.go:190.125,192.3 1 0
github.com/QuantumNous/new-api/service/codex_oauth.go:193.2,197.8 1 0
github.com/QuantumNous/new-api/service/codex_oauth.go:200.69,202.16 2 0
github.com/QuantumNous/new-api/service/codex_oauth.go:202.16,204.3 1 0
github.com/QuantumNous/new-api/service/codex_oauth.go:205.2,205.23 1 0
github.com/QuantumNous/new-api/service/codex_oauth.go:205.23,207.3 1 0
github.com/QuantumNous/new-api/service/codex_oauth.go:208.2,210.25 3 0
github.com/QuantumNous/new-api/service/codex_oauth.go:213.77,215.16 2 0
github.com/QuantumNous/new-api/service/codex_oauth.go:215.16,217.3 1 0
github.com/QuantumNous/new-api/service/codex_oauth.go:218.2,230.24 13 0
github.com/QuantumNous/new-api/service/codex_oauth.go:233.49,234.17 1 0
github.com/QuantumNous/new-api/service/codex_oauth.go:234.17,236.3 1 0
github.com/QuantumNous/new-api/service/codex_oauth.go:237.2,238.40 2 0
github.com/QuantumNous/new-api/service/codex_oauth.go:238.40,240.3 1 0
github.com/QuantumNous/new-api/service/codex_oauth.go:241.2,241.34 1 0
github.com/QuantumNous/new-api/service/codex_oauth.go:244.72,246.40 2 0
github.com/QuantumNous/new-api/service/codex_oauth.go:246.40,248.3 1 0
github.com/QuantumNous/new-api/service/codex_oauth.go:249.2,252.33 4 0
github.com/QuantumNous/new-api/service/codex_oauth.go:255.64,257.9 2 0
github.com/QuantumNous/new-api/service/codex_oauth.go:257.9,259.3 1 0
github.com/QuantumNous/new-api/service/codex_oauth.go:260.2,261.9 2 0
github.com/QuantumNous/new-api/service/codex_oauth.go:261.9,263.3 1 0
github.com/QuantumNous/new-api/service/codex_oauth.go:264.2,265.9 2 0
github.com/QuantumNous/new-api/service/codex_oauth.go:265.9,267.3 1 0
github.com/QuantumNous/new-api/service/codex_oauth.go:268.2,269.9 2 0
github.com/QuantumNous/new-api/service/codex_oauth.go:269.9,271.3 1 0
github.com/QuantumNous/new-api/service/codex_oauth.go:272.2,273.9 2 0
github.com/QuantumNous/new-api/service/codex_oauth.go:273.9,275.3 1 0
github.com/QuantumNous/new-api/service/codex_oauth.go:276.2,277.13 2 0
github.com/QuantumNous/new-api/service/codex_oauth.go:277.13,279.3 1 0
github.com/QuantumNous/new-api/service/codex_oauth.go:280.2,280.16 1 0
github.com/QuantumNous/new-api/service/codex_oauth.go:283.55,285.9 2 0
github.com/QuantumNous/new-api/service/codex_oauth.go:285.9,287.3 1 0
github.com/QuantumNous/new-api/service/codex_oauth.go:288.2,289.9 2 0
github.com/QuantumNous/new-api/service/codex_oauth.go:289.9,291.3 1 0
github.com/QuantumNous/new-api/service/codex_oauth.go:292.2,293.9 2 0
github.com/QuantumNous/new-api/service/codex_oauth.go:293.9,295.3 1 0
github.com/QuantumNous/new-api/service/codex_oauth.go:296.2,297.13 2 0
github.com/QuantumNous/new-api/service/codex_oauth.go:297.13,299.3 1 0
github.com/QuantumNous/new-api/service/codex_oauth.go:300.2,300.16 1 0
github.com/QuantumNous/new-api/service/codex_oauth.go:303.59,305.21 2 0
github.com/QuantumNous/new-api/service/codex_oauth.go:305.21,307.3 1 0
github.com/QuantumNous/new-api/service/codex_oauth.go:308.2,309.16 2 0
github.com/QuantumNous/new-api/service/codex_oauth.go:309.16,311.3 1 0
github.com/QuantumNous/new-api/service/codex_oauth.go:312.2,313.60 2 0
github.com/QuantumNous/new-api/service/codex_oauth.go:313.60,315.3 1 0
github.com/QuantumNous/new-api/service/codex_oauth.go:316.2,316.21 1 0
github.com/QuantumNous/new-api/service/codex_wham_usage.go:17.44,18.19 1 0
github.com/QuantumNous/new-api/service/codex_wham_usage.go:18.19,20.3 1 0
github.com/QuantumNous/new-api/service/codex_wham_usage.go:21.2,22.14 2 0
github.com/QuantumNous/new-api/service/codex_wham_usage.go:22.14,24.3 1 0
github.com/QuantumNous/new-api/service/codex_wham_usage.go:25.2,27.14 3 0
github.com/QuantumNous/new-api/service/codex_wham_usage.go:27.14,29.3 1 0
github.com/QuantumNous/new-api/service/codex_wham_usage.go:30.2,30.15 1 0
github.com/QuantumNous/new-api/service/codex_wham_usage.go:30.15,32.3 1 0
github.com/QuantumNous/new-api/service/codex_wham_usage.go:34.2,35.16 2 0
github.com/QuantumNous/new-api/service/codex_wham_usage.go:35.16,37.3 1 0
github.com/QuantumNous/new-api/service/codex_wham_usage.go:38.2,41.40 4 0
github.com/QuantumNous/new-api/service/codex_wham_usage.go:41.40,43.3 1 0
github.com/QuantumNous/new-api/service/codex_wham_usage.go:45.2,46.16 2 0
github.com/QuantumNous/new-api/service/codex_wham_usage.go:46.16,48.3 1 0
github.com/QuantumNous/new-api/service/codex_wham_usage.go:49.2,52.16 3 0
github.com/QuantumNous/new-api/service/codex_wham_usage.go:52.16,54.3 1 0
github.com/QuantumNous/new-api/service/codex_wham_usage.go:55.2,55.35 1 0
github.com/QuantumNous/new-api/service/convert.go:17.125,22.36 2 0
github.com/QuantumNous/new-api/service/convert.go:22.36,24.3 1 0
github.com/QuantumNous/new-api/service/convert.go:25.2,25.31 1 0
github.com/QuantumNous/new-api/service/convert.go:25.31,27.3 1 0
github.com/QuantumNous/new-api/service/convert.go:28.2,28.31 1 0
github.com/QuantumNous/new-api/service/convert.go:28.31,30.3 1 0
github.com/QuantumNous/new-api/service/convert.go:31.2,31.33 1 0
github.com/QuantumNous/new-api/service/convert.go:31.33,33.3 1 0
github.com/QuantumNous/new-api/service/convert.go:35.2,37.18 2 0
github.com/QuantumNous/new-api/service/convert.go:37.18,38.57 1 0
github.com/QuantumNous/new-api/service/convert.go:38.57,41.4 2 0
github.com/QuantumNous/new-api/service/convert.go:42.3,42.36 1 0
github.com/QuantumNous/new-api/service/convert.go:42.36,44.48 2 0
github.com/QuantumNous/new-api/service/convert.go:44.48,49.5 1 0
github.com/QuantumNous/new-api/service/convert.go:49.10,49.56 1 0
github.com/QuantumNous/new-api/service/convert.go:49.56,53.5 1 0
github.com/QuantumNous/new-api/service/convert.go:54.4,55.18 2 0
github.com/QuantumNous/new-api/service/convert.go:55.18,57.5 1 0
github.com/QuantumNous/new-api/service/convert.go:58.4,58.43 1 0
github.com/QuantumNous/new-api/service/convert.go:60.8,63.60 2 0
github.com/QuantumNous/new-api/service/convert.go:63.60,65.4 1 0
github.com/QuantumNous/new-api/service/convert.go:69.2,69.43 1 0
github.com/QuantumNous/new-api/service/convert.go:69.43,71.3 1 0
github.com/QuantumNous/new-api/service/convert.go:71.8,71.49 1 0
github.com/QuantumNous/new-api/service/convert.go:71.49,73.3 1 0
github.com/QuantumNous/new-api/service/convert.go:76.2,78.35 3 0
github.com/QuantumNous/new-api/service/convert.go:78.35,88.3 2 0
github.com/QuantumNous/new-api/service/convert.go:89.2,95.33 3 0
github.com/QuantumNous/new-api/service/convert.go:95.33,96.78 1 0
github.com/QuantumNous/new-api/service/convert.go:96.78,102.4 3 0
github.com/QuantumNous/new-api/service/convert.go:102.9,104.24 2 0
github.com/QuantumNous/new-api/service/convert.go:104.24,109.27 3 0
github.com/QuantumNous/new-api/service/convert.go:109.27,111.37 2 0
github.com/QuantumNous/new-api/service/convert.go:111.37,118.7 2 0
github.com/QuantumNous/new-api/service/convert.go:119.6,119.56 1 0
github.com/QuantumNous/new-api/service/convert.go:120.11,122.37 2 0
github.com/QuantumNous/new-api/service/convert.go:122.37,123.29 1 0
github.com/QuantumNous/new-api/service/convert.go:123.29,125.8 1 0
github.com/QuantumNous/new-api/service/convert.go:127.6,127.47 1 0
github.com/QuantumNous/new-api/service/convert.go:129.5,129.59 1 0
github.com/QuantumNous/new-api/service/convert.go:133.2,133.55 1 0
github.com/QuantumNous/new-api/service/convert.go:133.55,139.38 2 0
github.com/QuantumNous/new-api/service/convert.go:139.38,141.4 1 0
github.com/QuantumNous/new-api/service/convert.go:141.9,143.18 2 0
github.com/QuantumNous/new-api/service/convert.go:143.18,145.5 1 0
github.com/QuantumNous/new-api/service/convert.go:146.4,150.38 4 0
github.com/QuantumNous/new-api/service/convert.go:150.38,151.26 1 0
github.com/QuantumNous/new-api/service/convert.go:152.31,158.52 2 0
github.com/QuantumNous/new-api/service/convert.go:159.18,167.57 3 0
github.com/QuantumNous/new-api/service/convert.go:168.21,177.45 2 0
github.com/QuantumNous/new-api/service/convert.go:178.24,181.24 2 0
github.com/QuantumNous/new-api/service/convert.go:181.24,183.7 1 0
github.com/QuantumNous/new-api/service/convert.go:184.6,190.36 2 0
github.com/QuantumNous/new-api/service/convert.go:190.36,192.7 1 0
github.com/QuantumNous/new-api/service/convert.go:192.12,196.7 3 0
github.com/QuantumNous/new-api/service/convert.go:197.6,197.61 1 0
github.com/QuantumNous/new-api/service/convert.go:201.4,201.26 1 0
github.com/QuantumNous/new-api/service/convert.go:201.26,203.5 1 0
github.com/QuantumNous/new-api/service/convert.go:205.4,205.53 1 0
github.com/QuantumNous/new-api/service/convert.go:205.53,207.5 1 0
github.com/QuantumNous/new-api/service/convert.go:209.3,209.80 1 0
github.com/QuantumNous/new-api/service/convert.go:209.80,211.4 1 0
github.com/QuantumNous/new-api/service/convert.go:214.2,216.28 2 0
github.com/QuantumNous/new-api/service/convert.go:219.55,224.2 1 0
github.com/QuantumNous/new-api/service/convert.go:226.76,227.21 1 0
github.com/QuantumNous/new-api/service/convert.go:227.21,229.3 1 0
github.com/QuantumNous/new-api/service/convert.go:230.2,241.48 3 0
github.com/QuantumNous/new-api/service/convert.go:241.48,246.3 1 0
github.com/QuantumNous/new-api/service/convert.go:247.2,247.14 1 0
github.com/QuantumNous/new-api/service/convert.go:250.90,253.2 2 0
github.com/QuantumNous/new-api/service/convert.go:255.136,256.33 1 0
github.com/QuantumNous/new-api/service/convert.go:256.33,258.3 1 0
github.com/QuantumNous/new-api/service/convert.go:260.2,268.27 2 0
github.com/QuantumNous/new-api/service/convert.go:268.27,269.50 1 0
github.com/QuantumNous/new-api/service/convert.go:270.77,271.94 1 0
github.com/QuantumNous/new-api/service/convert.go:272.41,274.87 2 0
github.com/QuantumNous/new-api/service/convert.go:274.87,276.5 1 0
github.com/QuantumNous/new-api/service/convert.go:284.2,284.37 1 0
github.com/QuantumNous/new-api/service/convert.go:284.37,285.81 1 0
github.com/QuantumNous/new-api/service/convert.go:285.81,287.4 1 0
github.com/QuantumNous/new-api/service/convert.go:288.3,289.50 2 0
github.com/QuantumNous/new-api/service/convert.go:290.41,293.53 3 0
github.com/QuantumNous/new-api/service/convert.go:294.11,295.34 1 0
github.com/QuantumNous/new-api/service/convert.go:297.3,297.76 1 0
github.com/QuantumNous/new-api/service/convert.go:299.2,299.33 1 0
github.com/QuantumNous/new-api/service/convert.go:299.33,318.34 4 0
github.com/QuantumNous/new-api/service/convert.go:318.34,323.93 5 0
github.com/QuantumNous/new-api/service/convert.go:323.93,325.5 1 0
github.com/QuantumNous/new-api/service/convert.go:325.10,327.21 2 0
github.com/QuantumNous/new-api/service/convert.go:327.21,329.6 1 0
github.com/QuantumNous/new-api/service/convert.go:329.11,331.6 1 0
github.com/QuantumNous/new-api/service/convert.go:333.4,345.41 4 0
github.com/QuantumNous/new-api/service/convert.go:345.41,355.5 2 0
github.com/QuantumNous/new-api/service/convert.go:356.10,358.4 0 0
github.com/QuantumNous/new-api/service/convert.go:360.3,360.38 1 0
github.com/QuantumNous/new-api/service/convert.go:360.38,364.23 3 0
github.com/QuantumNous/new-api/service/convert.go:364.23,365.87 1 0
github.com/QuantumNous/new-api/service/convert.go:365.87,367.6 1 0
github.com/QuantumNous/new-api/service/convert.go:368.5,386.82 5 0
github.com/QuantumNous/new-api/service/convert.go:387.10,387.28 1 0
github.com/QuantumNous/new-api/service/convert.go:387.28,388.83 1 0
github.com/QuantumNous/new-api/service/convert.go:388.83,390.6 1 0
github.com/QuantumNous/new-api/service/convert.go:391.5,409.78 5 0
github.com/QuantumNous/new-api/service/convert.go:414.3,414.136 1 0
github.com/QuantumNous/new-api/service/convert.go:414.136,418.23 4 0
github.com/QuantumNous/new-api/service/convert.go:418.23,420.5 1 0
github.com/QuantumNous/new-api/service/convert.go:421.4,421.23 1 0
github.com/QuantumNous/new-api/service/convert.go:421.23,429.5 1 0
github.com/QuantumNous/new-api/service/convert.go:430.4,433.38 2 0
github.com/QuantumNous/new-api/service/convert.go:435.3,435.25 1 0
github.com/QuantumNous/new-api/service/convert.go:438.2,438.38 1 0
github.com/QuantumNous/new-api/service/convert.go:438.38,441.22 2 0
github.com/QuantumNous/new-api/service/convert.go:441.22,443.4 1 0
github.com/QuantumNous/new-api/service/convert.go:444.3,444.22 1 0
github.com/QuantumNous/new-api/service/convert.go:444.22,447.24 3 0
github.com/QuantumNous/new-api/service/convert.go:447.24,449.5 1 0
github.com/QuantumNous/new-api/service/convert.go:450.4,460.38 3 0
github.com/QuantumNous/new-api/service/convert.go:462.3,462.25 1 0
github.com/QuantumNous/new-api/service/convert.go:463.8,466.16 3 0
github.com/QuantumNous/new-api/service/convert.go:466.16,469.23 3 0
github.com/QuantumNous/new-api/service/convert.go:469.23,474.5 2 0
github.com/QuantumNous/new-api/service/convert.go:477.3,480.44 4 0
github.com/QuantumNous/new-api/service/convert.go:480.44,482.83 2 0
github.com/QuantumNous/new-api/service/convert.go:482.83,486.5 3 0
github.com/QuantumNous/new-api/service/convert.go:487.4,491.39 4 0
github.com/QuantumNous/new-api/service/convert.go:491.39,493.30 2 0
github.com/QuantumNous/new-api/service/convert.go:493.30,495.6 1 0
github.com/QuantumNous/new-api/service/convert.go:495.11,497.6 1 0
github.com/QuantumNous/new-api/service/convert.go:498.5,498.27 1 0
github.com/QuantumNous/new-api/service/convert.go:498.27,500.6 1 0
github.com/QuantumNous/new-api/service/convert.go:501.5,504.37 3 0
github.com/QuantumNous/new-api/service/convert.go:504.37,515.6 1 0
github.com/QuantumNous/new-api/service/convert.go:517.5,517.45 1 0
github.com/QuantumNous/new-api/service/convert.go:517.45,526.6 1 0
github.com/QuantumNous/new-api/service/convert.go:528.4,529.51 2 0
github.com/QuantumNous/new-api/service/convert.go:530.9,533.44 3 0
github.com/QuantumNous/new-api/service/convert.go:533.44,534.24 1 0
github.com/QuantumNous/new-api/service/convert.go:534.24,535.88 1 0
github.com/QuantumNous/new-api/service/convert.go:535.88,546.7 3 0
github.com/QuantumNous/new-api/service/convert.go:547.6,551.7 2 0
github.com/QuantumNous/new-api/service/convert.go:552.11,553.84 1 0
github.com/QuantumNous/new-api/service/convert.go:553.84,564.7 3 0
github.com/QuantumNous/new-api/service/convert.go:565.6,569.7 2 0
github.com/QuantumNous/new-api/service/convert.go:571.10,573.5 1 0
github.com/QuantumNous/new-api/service/convert.go:576.3,577.46 2 0
github.com/QuantumNous/new-api/service/convert.go:577.46,579.4 1 0
github.com/QuantumNous/new-api/service/convert.go:581.3,581.47 1 0
github.com/QuantumNous/new-api/service/convert.go:581.47,584.23 3 0
github.com/QuantumNous/new-api/service/convert.go:584.23,586.5 1 0
github.com/QuantumNous/new-api/service/convert.go:587.4,587.23 1 0
github.com/QuantumNous/new-api/service/convert.go:587.23,595.5 1 0
github.com/QuantumNous/new-api/service/convert.go:596.4,600.26 3 0
github.com/QuantumNous/new-api/service/convert.go:604.2,604.24 1 0
github.com/QuantumNous/new-api/service/convert.go:607.117,616.48 4 0
github.com/QuantumNous/new-api/service/convert.go:616.48,618.42 2 0
github.com/QuantumNous/new-api/service/convert.go:618.42,619.60 1 0
github.com/QuantumNous/new-api/service/convert.go:619.60,625.92 6 0
github.com/QuantumNous/new-api/service/convert.go:625.92,627.6 1 0
github.com/QuantumNous/new-api/service/convert.go:627.11,629.6 1 0
github.com/QuantumNous/new-api/service/convert.go:630.5,630.47 1 0
github.com/QuantumNous/new-api/service/convert.go:632.9,637.4 4 0
github.com/QuantumNous/new-api/service/convert.go:639.2,643.23 4 0
github.com/QuantumNous/new-api/service/convert.go:646.52,648.2 1 0
github.com/QuantumNous/new-api/service/convert.go:650.41,652.16 2 0
github.com/QuantumNous/new-api/service/convert.go:652.16,654.3 1 0
github.com/QuantumNous/new-api/service/convert.go:655.2,655.18 1 0
github.com/QuantumNous/new-api/service/convert.go:658.130,666.49 3 0
github.com/QuantumNous/new-api/service/convert.go:666.49,674.38 4 0
github.com/QuantumNous/new-api/service/convert.go:674.38,675.23 1 0
github.com/QuantumNous/new-api/service/convert.go:675.23,681.5 2 0
github.com/QuantumNous/new-api/service/convert.go:681.10,681.37 1 0
github.com/QuantumNous/new-api/service/convert.go:681.37,691.5 2 0
github.com/QuantumNous/new-api/service/convert.go:691.10,691.35 1 0
github.com/QuantumNous/new-api/service/convert.go:691.35,701.5 2 0
github.com/QuantumNous/new-api/service/convert.go:701.10,701.39 1 0
github.com/QuantumNous/new-api/service/convert.go:701.39,712.5 2 0
github.com/QuantumNous/new-api/service/convert.go:712.10,712.43 1 0
github.com/QuantumNous/new-api/service/convert.go:712.43,720.5 3 0
github.com/QuantumNous/new-api/service/convert.go:724.3,724.25 1 0
github.com/QuantumNous/new-api/service/convert.go:724.25,727.4 1 0
github.com/QuantumNous/new-api/service/convert.go:727.9,727.72 1 0
github.com/QuantumNous/new-api/service/convert.go:727.72,730.4 1 0
github.com/QuantumNous/new-api/service/convert.go:730.9,730.36 1 0
github.com/QuantumNous/new-api/service/convert.go:730.36,733.4 1 0
github.com/QuantumNous/new-api/service/convert.go:736.3,736.68 1 0
github.com/QuantumNous/new-api/service/convert.go:736.68,738.4 1 0
github.com/QuantumNous/new-api/service/convert.go:741.2,743.55 2 0
github.com/QuantumNous/new-api/service/convert.go:743.55,745.3 1 0
github.com/QuantumNous/new-api/service/convert.go:746.2,746.92 1 0
github.com/QuantumNous/new-api/service/convert.go:746.92,748.3 1 0
github.com/QuantumNous/new-api/service/convert.go:749.2,749.92 1 0
github.com/QuantumNous/new-api/service/convert.go:749.92,751.3 1 0
github.com/QuantumNous/new-api/service/convert.go:752.2,752.114 1 0
github.com/QuantumNous/new-api/service/convert.go:752.114,754.3 1 0
github.com/QuantumNous/new-api/service/convert.go:756.2,756.59 1 0
github.com/QuantumNous/new-api/service/convert.go:756.59,758.3 1 0
github.com/QuantumNous/new-api/service/convert.go:759.2,759.112 1 0
github.com/QuantumNous/new-api/service/convert.go:759.112,761.3 1 0
github.com/QuantumNous/new-api/service/convert.go:764.2,764.39 1 0
github.com/QuantumNous/new-api/service/convert.go:764.39,766.49 2 0
github.com/QuantumNous/new-api/service/convert.go:766.49,767.40 1 0
github.com/QuantumNous/new-api/service/convert.go:767.40,769.19 2 0
github.com/QuantumNous/new-api/service/convert.go:769.19,771.14 2 0
github.com/QuantumNous/new-api/service/convert.go:773.5,773.51 1 0
github.com/QuantumNous/new-api/service/convert.go:773.51,783.6 2 0
github.com/QuantumNous/new-api/service/convert.go:786.3,786.21 1 0
github.com/QuantumNous/new-api/service/convert.go:786.21,788.4 1 0
github.com/QuantumNous/new-api/service/convert.go:792.2,792.45 1 0
github.com/QuantumNous/new-api/service/convert.go:792.45,799.3 2 0
github.com/QuantumNous/new-api/service/convert.go:801.2,801.27 1 0
github.com/QuantumNous/new-api/service/convert.go:804.58,805.20 1 0
github.com/QuantumNous/new-api/service/convert.go:806.14,807.16 1 0
github.com/QuantumNous/new-api/service/convert.go:808.15,809.21 1 0
github.com/QuantumNous/new-api/service/convert.go:810.18,811.20 1 0
github.com/QuantumNous/new-api/service/convert.go:812.10,813.16 1 0
github.com/QuantumNous/new-api/service/convert.go:817.64,819.29 2 0
github.com/QuantumNous/new-api/service/convert.go:819.29,820.22 1 0
github.com/QuantumNous/new-api/service/convert.go:820.22,822.4 1 0
github.com/QuantumNous/new-api/service/convert.go:824.2,824.34 1 0
github.com/QuantumNous/new-api/service/convert.go:828.121,838.48 2 0
github.com/QuantumNous/new-api/service/convert.go:838.48,846.30 3 0
github.com/QuantumNous/new-api/service/convert.go:847.15,848.25 1 0
github.com/QuantumNous/new-api/service/convert.go:849.17,850.31 1 0
github.com/QuantumNous/new-api/service/convert.go:851.25,852.27 1 0
github.com/QuantumNous/new-api/service/convert.go:853.21,854.25 1 0
github.com/QuantumNous/new-api/service/convert.go:855.11,856.25 1 0
github.com/QuantumNous/new-api/service/convert.go:858.3,868.25 4 0
github.com/QuantumNous/new-api/service/convert.go:868.25,869.39 1 0
github.com/QuantumNous/new-api/service/convert.go:869.39,872.42 2 0
github.com/QuantumNous/new-api/service/convert.go:872.42,873.87 1 0
github.com/QuantumNous/new-api/service/convert.go:873.87,875.7 1 0
github.com/QuantumNous/new-api/service/convert.go:876.11,878.6 1 0
github.com/QuantumNous/new-api/service/convert.go:880.5,886.48 2 0
github.com/QuantumNous/new-api/service/convert.go:888.9,891.25 2 0
github.com/QuantumNous/new-api/service/convert.go:891.25,896.5 2 0
github.com/QuantumNous/new-api/service/convert.go:899.3,900.75 2 0
github.com/QuantumNous/new-api/service/convert.go:903.2,903.23 1 0
github.com/QuantumNous/new-api/service/convert.go:907.138,911.48 3 0
github.com/QuantumNous/new-api/service/convert.go:911.48,912.117 1 0
github.com/QuantumNous/new-api/service/convert.go:912.117,914.4 1 0
github.com/QuantumNous/new-api/service/convert.go:915.3,915.33 1 0
github.com/QuantumNous/new-api/service/convert.go:915.33,917.4 1 0
github.com/QuantumNous/new-api/service/convert.go:921.2,921.37 1 0
github.com/QuantumNous/new-api/service/convert.go:921.37,923.3 1 0
github.com/QuantumNous/new-api/service/convert.go:925.2,934.33 2 0
github.com/QuantumNous/new-api/service/convert.go:934.33,938.3 3 0
github.com/QuantumNous/new-api/service/convert.go:940.2,940.48 1 0
github.com/QuantumNous/new-api/service/convert.go:940.48,947.33 2 0
github.com/QuantumNous/new-api/service/convert.go:947.33,949.32 2 0
github.com/QuantumNous/new-api/service/convert.go:950.16,951.26 1 0
github.com/QuantumNous/new-api/service/convert.go:952.18,953.32 1 0
github.com/QuantumNous/new-api/service/convert.go:954.26,955.28 1 0
github.com/QuantumNous/new-api/service/convert.go:956.22,957.26 1 0
github.com/QuantumNous/new-api/service/convert.go:958.12,959.26 1 0
github.com/QuantumNous/new-api/service/convert.go:961.4,961.42 1 0
github.com/QuantumNous/new-api/service/convert.go:965.3,971.36 2 0
github.com/QuantumNous/new-api/service/convert.go:971.36,972.52 1 0
github.com/QuantumNous/new-api/service/convert.go:972.52,975.42 2 0
github.com/QuantumNous/new-api/service/convert.go:975.42,976.87 1 0
github.com/QuantumNous/new-api/service/convert.go:976.87,978.7 1 0
github.com/QuantumNous/new-api/service/convert.go:979.11,981.6 1 0
github.com/QuantumNous/new-api/service/convert.go:983.5,989.48 2 0
github.com/QuantumNous/new-api/service/convert.go:991.9,994.25 2 0
github.com/QuantumNous/new-api/service/convert.go:994.25,999.5 2 0
github.com/QuantumNous/new-api/service/convert.go:1002.3,1003.75 2 0
github.com/QuantumNous/new-api/service/convert.go:1006.2,1006.23 1 0
github.com/QuantumNous/new-api/service/download.go:24.66,25.36 1 0
github.com/QuantumNous/new-api/service/download.go:25.36,27.3 1 0
github.com/QuantumNous/new-api/service/download.go:28.2,28.96 1 0
github.com/QuantumNous/new-api/service/download.go:28.96,30.3 1 0
github.com/QuantumNous/new-api/service/download.go:33.2,34.300 2 0
github.com/QuantumNous/new-api/service/download.go:34.300,36.3 1 0
github.com/QuantumNous/new-api/service/download.go:38.2,39.40 2 0
github.com/QuantumNous/new-api/service/download.go:39.40,41.3 1 0
github.com/QuantumNous/new-api/service/download.go:44.2,45.16 2 0
github.com/QuantumNous/new-api/service/download.go:45.16,47.3 1 0
github.com/QuantumNous/new-api/service/download.go:49.2,49.92 1 0
github.com/QuantumNous/new-api/service/download.go:52.93,53.35 1 0
github.com/QuantumNous/new-api/service/download.go:53.35,60.3 3 0
github.com/QuantumNous/new-api/service/download.go:60.8,63.303 2 0
github.com/QuantumNous/new-api/service/download.go:63.303,65.4 1 0
github.com/QuantumNous/new-api/service/download.go:67.3,68.40 2 0
github.com/QuantumNous/new-api/service/enterprise_channel.go:10.107,12.12 2 0
github.com/QuantumNous/new-api/service/enterprise_channel.go:12.12,14.3 1 0
github.com/QuantumNous/new-api/service/enterprise_channel.go:15.2,15.46 1 0
github.com/QuantumNous/new-api/service/enterprise_channel.go:15.46,17.3 1 0
github.com/QuantumNous/new-api/service/enterprise_channel.go:18.2,19.32 2 0
github.com/QuantumNous/new-api/service/enterprise_channel.go:19.32,21.3 1 0
github.com/QuantumNous/new-api/service/enterprise_channel.go:22.2,23.23 2 0
github.com/QuantumNous/new-api/service/enterprise_pricing.go:9.49,11.2 1 0
github.com/QuantumNous/new-api/service/enterprise_pricing.go:15.83,17.12 2 0
github.com/QuantumNous/new-api/service/enterprise_pricing.go:17.12,19.3 1 0
github.com/QuantumNous/new-api/service/enterprise_pricing.go:22.2,22.46 1 0
github.com/QuantumNous/new-api/service/enterprise_pricing.go:22.46,24.3 1 0
github.com/QuantumNous/new-api/service/enterprise_pricing.go:27.2,28.16 2 0
github.com/QuantumNous/new-api/service/enterprise_pricing.go:28.16,30.3 1 0
github.com/QuantumNous/new-api/service/enterprise_pricing.go:31.2,31.19 1 0
github.com/QuantumNous/new-api/service/enterprise_pricing.go:35.80,37.2 1 0
github.com/QuantumNous/new-api/service/enterprise_pricing.go:41.70,43.31 2 0
github.com/QuantumNous/new-api/service/enterprise_pricing.go:43.31,45.3 1 0
github.com/QuantumNous/new-api/service/enterprise_pricing.go:46.2,46.33 1 0
github.com/QuantumNous/new-api/service/enterprise_pricing.go:50.79,52.31 2 0
github.com/QuantumNous/new-api/service/enterprise_pricing.go:52.31,54.3 1 0
github.com/QuantumNous/new-api/service/enterprise_pricing.go:55.2,55.32 1 0
github.com/QuantumNous/new-api/service/epay.go:8.34,9.51 1 0
github.com/QuantumNous/new-api/service/epay.go:9.51,11.3 1 0
github.com/QuantumNous/new-api/service/epay.go:12.2,12.48 1 0
github.com/QuantumNous/new-api/service/error.go:20.76,25.2 1 0
github.com/QuantumNous/new-api/service/error.go:27.120,32.2 1 0
github.com/QuantumNous/new-api/service/error.go:61.96,64.63 3 0
github.com/QuantumNous/new-api/service/error.go:64.63,65.120 1 0
github.com/QuantumNous/new-api/service/error.go:65.120,68.4 2 0
github.com/QuantumNous/new-api/service/error.go:70.2,77.3 2 0
github.com/QuantumNous/new-api/service/error.go:80.101,84.2 3 0
github.com/QuantumNous/new-api/service/error.go:86.120,90.16 3 0
github.com/QuantumNous/new-api/service/error.go:90.16,92.3 1 0
github.com/QuantumNous/new-api/service/error.go:93.2,95.49 3 0
github.com/QuantumNous/new-api/service/error.go:95.49,96.20 1 0
github.com/QuantumNous/new-api/service/error.go:96.20,98.4 1 0
github.com/QuantumNous/new-api/service/error.go:99.3,99.122 1 0
github.com/QuantumNous/new-api/service/error.go:102.2,103.16 2 0
github.com/QuantumNous/new-api/service/error.go:103.16,104.23 1 0
github.com/QuantumNous/new-api/service/error.go:104.23,106.4 1 0
github.com/QuantumNous/new-api/service/error.go:106.9,109.4 2 0
github.com/QuantumNous/new-api/service/error.go:110.3,110.9 1 0
github.com/QuantumNous/new-api/service/error.go:113.2,113.55 1 0
github.com/QuantumNous/new-api/service/error.go:113.55,116.22 2 0
github.com/QuantumNous/new-api/service/error.go:116.22,118.24 2 0
github.com/QuantumNous/new-api/service/error.go:118.24,120.5 1 0
github.com/QuantumNous/new-api/service/error.go:121.4,121.10 1 0
github.com/QuantumNous/new-api/service/error.go:124.2,125.22 2 0
github.com/QuantumNous/new-api/service/error.go:125.22,127.3 1 0
github.com/QuantumNous/new-api/service/error.go:128.2,128.8 1 0
github.com/QuantumNous/new-api/service/error.go:131.81,132.22 1 0
github.com/QuantumNous/new-api/service/error.go:132.22,134.3 1 0
github.com/QuantumNous/new-api/service/error.go:135.2,135.64 1 0
github.com/QuantumNous/new-api/service/error.go:135.64,137.3 1 0
github.com/QuantumNous/new-api/service/error.go:138.2,140.16 3 0
github.com/QuantumNous/new-api/service/error.go:140.16,142.3 1 0
github.com/QuantumNous/new-api/service/error.go:143.2,143.43 1 0
github.com/QuantumNous/new-api/service/error.go:143.43,145.3 1 0
github.com/QuantumNous/new-api/service/error.go:146.2,147.49 2 0
github.com/QuantumNous/new-api/service/error.go:147.49,149.10 2 0
github.com/QuantumNous/new-api/service/error.go:149.10,151.4 1 0
github.com/QuantumNous/new-api/service/error.go:152.3,152.33 1 0
github.com/QuantumNous/new-api/service/error.go:156.57,157.27 1 0
github.com/QuantumNous/new-api/service/error.go:158.14,159.14 1 0
github.com/QuantumNous/new-api/service/error.go:159.14,161.4 1 0
github.com/QuantumNous/new-api/service/error.go:162.3,163.17 2 0
github.com/QuantumNous/new-api/service/error.go:163.17,165.4 1 0
github.com/QuantumNous/new-api/service/error.go:166.3,166.26 1 0
github.com/QuantumNous/new-api/service/error.go:167.15,168.25 1 0
github.com/QuantumNous/new-api/service/error.go:168.25,170.4 1 0
github.com/QuantumNous/new-api/service/error.go:171.3,171.22 1 0
github.com/QuantumNous/new-api/service/error.go:172.11,173.17 1 0
github.com/QuantumNous/new-api/service/error.go:174.19,176.17 2 0
github.com/QuantumNous/new-api/service/error.go:176.17,178.4 1 0
github.com/QuantumNous/new-api/service/error.go:179.3,179.26 1 0
github.com/QuantumNous/new-api/service/error.go:180.10,181.18 1 0
github.com/QuantumNous/new-api/service/error.go:185.83,189.2 3 0
github.com/QuantumNous/new-api/service/error.go:191.78,194.119 3 0
github.com/QuantumNous/new-api/service/error.go:194.119,198.3 2 0
github.com/QuantumNous/new-api/service/error.go:200.2,207.18 2 0
github.com/QuantumNous/new-api/service/error.go:211.70,212.19 1 0
github.com/QuantumNous/new-api/service/error.go:212.19,214.3 1 0
github.com/QuantumNous/new-api/service/error.go:215.2,220.3 1 0
github.com/QuantumNous/new-api/service/file_decoder.go:23.87,25.16 2 0
github.com/QuantumNous/new-api/service/file_decoder.go:25.16,28.3 2 0
github.com/QuantumNous/new-api/service/file_decoder.go:29.2,31.32 2 0
github.com/QuantumNous/new-api/service/file_decoder.go:31.32,34.3 2 0
github.com/QuantumNous/new-api/service/file_decoder.go:36.2,36.92 1 0
github.com/QuantumNous/new-api/service/file_decoder.go:36.92,37.51 1 0
github.com/QuantumNous/new-api/service/file_decoder.go:37.51,39.4 1 0
github.com/QuantumNous/new-api/service/file_decoder.go:40.3,40.47 1 0
github.com/QuantumNous/new-api/service/file_decoder.go:40.47,42.4 1 0
github.com/QuantumNous/new-api/service/file_decoder.go:45.2,45.64 1 0
github.com/QuantumNous/new-api/service/file_decoder.go:45.64,47.30 2 0
github.com/QuantumNous/new-api/service/file_decoder.go:47.30,49.61 2 0
github.com/QuantumNous/new-api/service/file_decoder.go:49.61,51.68 2 0
github.com/QuantumNous/new-api/service/file_decoder.go:51.68,53.6 1 0
github.com/QuantumNous/new-api/service/file_decoder.go:54.5,54.76 1 0
github.com/QuantumNous/new-api/service/file_decoder.go:54.76,56.19 2 0
github.com/QuantumNous/new-api/service/file_decoder.go:56.19,58.43 2 0
github.com/QuantumNous/new-api/service/file_decoder.go:58.43,60.8 1 0
github.com/QuantumNous/new-api/service/file_decoder.go:63.5,63.10 1 0
github.com/QuantumNous/new-api/service/file_decoder.go:68.2,69.50 2 0
github.com/QuantumNous/new-api/service/file_decoder.go:69.50,71.3 1 0
github.com/QuantumNous/new-api/service/file_decoder.go:72.2,72.91 1 0
github.com/QuantumNous/new-api/service/file_decoder.go:72.91,74.74 2 0
github.com/QuantumNous/new-api/service/file_decoder.go:74.74,76.17 2 0
github.com/QuantumNous/new-api/service/file_decoder.go:76.17,78.41 2 0
github.com/QuantumNous/new-api/service/file_decoder.go:78.41,80.6 1 0
github.com/QuantumNous/new-api/service/file_decoder.go:85.2,87.31 3 0
github.com/QuantumNous/new-api/service/file_decoder.go:87.31,89.28 2 0
github.com/QuantumNous/new-api/service/file_decoder.go:89.28,93.13 4 0
github.com/QuantumNous/new-api/service/file_decoder.go:93.13,95.5 1 0
github.com/QuantumNous/new-api/service/file_decoder.go:98.3,98.25 1 0
github.com/QuantumNous/new-api/service/file_decoder.go:98.25,99.12 1 0
github.com/QuantumNous/new-api/service/file_decoder.go:102.3,103.61 2 0
github.com/QuantumNous/new-api/service/file_decoder.go:103.61,105.4 1 0
github.com/QuantumNous/new-api/service/file_decoder.go:108.3,108.55 1 0
github.com/QuantumNous/new-api/service/file_decoder.go:108.55,110.4 1 0
github.com/QuantumNous/new-api/service/file_decoder.go:112.3,112.82 1 0
github.com/QuantumNous/new-api/service/file_decoder.go:112.82,113.35 1 0
github.com/QuantumNous/new-api/service/file_decoder.go:114.23,115.29 1 0
github.com/QuantumNous/new-api/service/file_decoder.go:116.15,117.28 1 0
github.com/QuantumNous/new-api/service/file_decoder.go:118.15,119.28 1 0
github.com/QuantumNous/new-api/service/file_decoder.go:120.15,121.28 1 0
github.com/QuantumNous/new-api/service/file_decoder.go:122.16,123.29 1 0
github.com/QuantumNous/new-api/service/file_decoder.go:124.12,125.21 1 0
github.com/QuantumNous/new-api/service/file_decoder.go:125.21,127.6 1 0
github.com/QuantumNous/new-api/service/file_decoder.go:133.2,133.40 1 0
github.com/QuantumNous/new-api/service/file_decoder.go:139.103,142.16 3 0
github.com/QuantumNous/new-api/service/file_decoder.go:142.16,144.3 1 0
github.com/QuantumNous/new-api/service/file_decoder.go:147.2,148.16 2 0
github.com/QuantumNous/new-api/service/file_decoder.go:148.16,150.3 1 0
github.com/QuantumNous/new-api/service/file_decoder.go:151.2,156.8 1 0
github.com/QuantumNous/new-api/service/file_decoder.go:159.48,162.13 2 0
github.com/QuantumNous/new-api/service/file_decoder.go:164.68,165.22 1 0
github.com/QuantumNous/new-api/service/file_decoder.go:168.21,169.22 1 0
github.com/QuantumNous/new-api/service/file_decoder.go:170.13,171.21 1 0
github.com/QuantumNous/new-api/service/file_decoder.go:172.13,173.21 1 0
github.com/QuantumNous/new-api/service/file_decoder.go:174.14,175.22 1 0
github.com/QuantumNous/new-api/service/file_decoder.go:176.14,177.22 1 0
github.com/QuantumNous/new-api/service/file_decoder.go:178.14,179.22 1 0
github.com/QuantumNous/new-api/service/file_decoder.go:182.13,183.21 1 0
github.com/QuantumNous/new-api/service/file_decoder.go:184.13,185.21 1 0
github.com/QuantumNous/new-api/service/file_decoder.go:186.14,187.22 1 0
github.com/QuantumNous/new-api/service/file_decoder.go:190.13,191.21 1 0
github.com/QuantumNous/new-api/service/file_decoder.go:192.13,193.21 1 0
github.com/QuantumNous/new-api/service/file_decoder.go:194.13,195.21 1 0
github.com/QuantumNous/new-api/service/file_decoder.go:196.13,197.21 1 0
github.com/QuantumNous/new-api/service/file_decoder.go:198.13,199.21 1 0
github.com/QuantumNous/new-api/service/file_decoder.go:200.13,201.21 1 0
github.com/QuantumNous/new-api/service/file_decoder.go:202.16,203.24 1 0
github.com/QuantumNous/new-api/service/file_decoder.go:206.13,207.27 1 0
github.com/QuantumNous/new-api/service/file_decoder.go:209.10,210.36 1 0
github.com/QuantumNous/new-api/service/file_service.go:29.44,31.2 1 0
github.com/QuantumNous/new-api/service/file_service.go:35.68,37.21 2 0
github.com/QuantumNous/new-api/service/file_service.go:37.21,39.3 1 0
github.com/QuantumNous/new-api/service/file_service.go:39.8,41.3 1 0
github.com/QuantumNous/new-api/service/file_service.go:42.2,42.70 1 0
github.com/QuantumNous/new-api/service/file_service.go:47.111,48.19 1 0
github.com/QuantumNous/new-api/service/file_service.go:48.19,50.3 1 0
github.com/QuantumNous/new-api/service/file_service.go:52.2,52.25 1 0
github.com/QuantumNous/new-api/service/file_service.go:52.25,54.3 1 0
github.com/QuantumNous/new-api/service/file_service.go:57.2,57.23 1 0
github.com/QuantumNous/new-api/service/file_service.go:57.23,58.15 1 0
github.com/QuantumNous/new-api/service/file_service.go:58.15,60.4 1 0
github.com/QuantumNous/new-api/service/file_service.go:61.3,61.32 1 0
github.com/QuantumNous/new-api/service/file_service.go:65.2,69.23 3 0
github.com/QuantumNous/new-api/service/file_service.go:69.23,70.15 1 0
github.com/QuantumNous/new-api/service/file_service.go:70.15,72.4 1 0
github.com/QuantumNous/new-api/service/file_service.go:73.3,73.32 1 0
github.com/QuantumNous/new-api/service/file_service.go:77.2,81.28 4 0
github.com/QuantumNous/new-api/service/file_service.go:82.24,83.15 1 0
github.com/QuantumNous/new-api/service/file_service.go:83.15,85.51 2 0
github.com/QuantumNous/new-api/service/file_service.go:85.51,90.5 4 0
github.com/QuantumNous/new-api/service/file_service.go:92.3,92.53 1 0
github.com/QuantumNous/new-api/service/file_service.go:93.27,94.15 1 0
github.com/QuantumNous/new-api/service/file_service.go:94.15,96.51 2 0
github.com/QuantumNous/new-api/service/file_service.go:96.51,101.5 4 0
github.com/QuantumNous/new-api/service/file_service.go:103.3,103.61 1 0
github.com/QuantumNous/new-api/service/file_service.go:104.10,105.69 1 0
github.com/QuantumNous/new-api/service/file_service.go:108.2,108.16 1 0
github.com/QuantumNous/new-api/service/file_service.go:108.16,110.3 1 0
github.com/QuantumNous/new-api/service/file_service.go:113.2,114.34 2 0
github.com/QuantumNous/new-api/service/file_service.go:114.34,116.3 1 0
github.com/QuantumNous/new-api/service/file_service.go:119.2,119.14 1 0
github.com/QuantumNous/new-api/service/file_service.go:119.14,121.3 1 0
github.com/QuantumNous/new-api/service/file_service.go:123.2,123.24 1 0
github.com/QuantumNous/new-api/service/file_service.go:127.72,128.27 1 0
github.com/QuantumNous/new-api/service/file_service.go:128.27,130.3 1 0
github.com/QuantumNous/new-api/service/file_service.go:132.2,134.44 3 0
github.com/QuantumNous/new-api/service/file_service.go:134.44,136.3 1 0
github.com/QuantumNous/new-api/service/file_service.go:137.2,139.28 3 0
github.com/QuantumNous/new-api/service/file_service.go:144.41,146.43 2 0
github.com/QuantumNous/new-api/service/file_service.go:146.43,147.55 1 0
github.com/QuantumNous/new-api/service/file_service.go:147.55,148.48 1 0
github.com/QuantumNous/new-api/service/file_service.go:148.48,150.5 1 0
github.com/QuantumNous/new-api/service/file_service.go:152.3,152.18 1 0
github.com/QuantumNous/new-api/service/file_service.go:157.95,161.25 2 0
github.com/QuantumNous/new-api/service/file_service.go:161.25,163.3 1 0
github.com/QuantumNous/new-api/service/file_service.go:164.2,165.16 2 0
github.com/QuantumNous/new-api/service/file_service.go:165.16,167.3 1 0
github.com/QuantumNous/new-api/service/file_service.go:168.2,170.28 2 0
github.com/QuantumNous/new-api/service/file_service.go:170.28,172.3 1 0
github.com/QuantumNous/new-api/service/file_service.go:175.2,175.25 1 0
github.com/QuantumNous/new-api/service/file_service.go:175.25,177.3 1 0
github.com/QuantumNous/new-api/service/file_service.go:178.2,179.16 2 0
github.com/QuantumNous/new-api/service/file_service.go:179.16,181.3 1 0
github.com/QuantumNous/new-api/service/file_service.go:182.2,182.34 1 0
github.com/QuantumNous/new-api/service/file_service.go:182.34,184.3 1 0
github.com/QuantumNous/new-api/service/file_service.go:187.2,196.36 5 0
github.com/QuantumNous/new-api/service/file_service.go:196.36,199.17 2 0
github.com/QuantumNous/new-api/service/file_service.go:199.17,203.4 2 0
github.com/QuantumNous/new-api/service/file_service.go:203.9,206.42 3 0
github.com/QuantumNous/new-api/service/file_service.go:206.42,208.5 1 0
github.com/QuantumNous/new-api/service/file_service.go:209.4,210.27 2 0
github.com/QuantumNous/new-api/service/file_service.go:210.27,212.5 1 0
github.com/QuantumNous/new-api/service/file_service.go:214.8,217.3 1 0
github.com/QuantumNous/new-api/service/file_service.go:220.2,220.43 1 0
github.com/QuantumNous/new-api/service/file_service.go:220.43,221.26 1 0
github.com/QuantumNous/new-api/service/file_service.go:221.26,223.4 1 0
github.com/QuantumNous/new-api/service/file_service.go:224.3,225.17 2 0
github.com/QuantumNous/new-api/service/file_service.go:225.17,229.64 3 0
github.com/QuantumNous/new-api/service/file_service.go:229.64,231.5 1 0
github.com/QuantumNous/new-api/service/file_service.go:235.2,235.24 1 0
github.com/QuantumNous/new-api/service/file_service.go:239.46,241.2 1 0
github.com/QuantumNous/new-api/service/file_service.go:244.58,246.2 1 0
github.com/QuantumNous/new-api/service/file_service.go:249.84,252.52 2 0
github.com/QuantumNous/new-api/service/file_service.go:252.52,254.3 1 0
github.com/QuantumNous/new-api/service/file_service.go:255.2,255.62 1 0
github.com/QuantumNous/new-api/service/file_service.go:255.62,257.3 1 0
github.com/QuantumNous/new-api/service/file_service.go:260.2,260.60 1 0
github.com/QuantumNous/new-api/service/file_service.go:260.60,262.30 2 0
github.com/QuantumNous/new-api/service/file_service.go:262.30,264.61 2 0
github.com/QuantumNous/new-api/service/file_service.go:264.61,267.68 2 0
github.com/QuantumNous/new-api/service/file_service.go:267.68,269.6 1 0
github.com/QuantumNous/new-api/service/file_service.go:270.5,270.76 1 0
github.com/QuantumNous/new-api/service/file_service.go:270.76,272.19 2 0
github.com/QuantumNous/new-api/service/file_service.go:272.19,274.43 2 0
github.com/QuantumNous/new-api/service/file_service.go:274.43,276.8 1 0
github.com/QuantumNous/new-api/service/file_service.go:279.5,279.10 1 0
github.com/QuantumNous/new-api/service/file_service.go:285.2,286.38 2 0
github.com/QuantumNous/new-api/service/file_service.go:286.38,288.3 1 0
github.com/QuantumNous/new-api/service/file_service.go:291.2,291.24 1 0
github.com/QuantumNous/new-api/service/file_service.go:291.24,293.61 2 0
github.com/QuantumNous/new-api/service/file_service.go:293.61,295.53 1 0
github.com/QuantumNous/new-api/service/file_service.go:295.53,297.5 1 0
github.com/QuantumNous/new-api/service/file_service.go:298.4,298.18 1 0
github.com/QuantumNous/new-api/service/file_service.go:302.3,302.56 1 0
github.com/QuantumNous/new-api/service/file_service.go:302.56,304.4 1 0
github.com/QuantumNous/new-api/service/file_service.go:308.2,308.24 1 0
github.com/QuantumNous/new-api/service/file_service.go:308.24,309.81 1 0
github.com/QuantumNous/new-api/service/file_service.go:309.81,311.4 1 0
github.com/QuantumNous/new-api/service/file_service.go:315.2,315.35 1 0
github.com/QuantumNous/new-api/service/file_service.go:319.98,324.46 3 0
github.com/QuantumNous/new-api/service/file_service.go:324.46,326.16 2 0
github.com/QuantumNous/new-api/service/file_service.go:326.16,330.70 3 0
github.com/QuantumNous/new-api/service/file_service.go:330.70,333.28 3 0
github.com/QuantumNous/new-api/service/file_service.go:333.28,335.6 1 0
github.com/QuantumNous/new-api/service/file_service.go:337.9,339.4 1 0
github.com/QuantumNous/new-api/service/file_service.go:340.8,342.3 1 0
github.com/QuantumNous/new-api/service/file_service.go:344.2,344.28 1 0
github.com/QuantumNous/new-api/service/file_service.go:344.28,346.3 1 0
github.com/QuantumNous/new-api/service/file_service.go:348.2,349.16 2 0
github.com/QuantumNous/new-api/service/file_service.go:349.16,351.3 1 0
github.com/QuantumNous/new-api/service/file_service.go:353.2,356.36 3 0
github.com/QuantumNous/new-api/service/file_service.go:356.36,358.17 2 0
github.com/QuantumNous/new-api/service/file_service.go:358.17,360.4 1 0
github.com/QuantumNous/new-api/service/file_service.go:360.9,363.42 3 0
github.com/QuantumNous/new-api/service/file_service.go:363.42,365.5 1 0
github.com/QuantumNous/new-api/service/file_service.go:366.4,366.41 1 0
github.com/QuantumNous/new-api/service/file_service.go:368.8,370.3 1 0
github.com/QuantumNous/new-api/service/file_service.go:372.2,372.61 1 0
github.com/QuantumNous/new-api/service/file_service.go:372.61,374.17 2 0
github.com/QuantumNous/new-api/service/file_service.go:374.17,377.22 3 0
github.com/QuantumNous/new-api/service/file_service.go:377.22,379.5 1 0
github.com/QuantumNous/new-api/service/file_service.go:383.2,383.24 1 0
github.com/QuantumNous/new-api/service/file_service.go:387.92,389.16 2 0
github.com/QuantumNous/new-api/service/file_service.go:389.16,391.3 1 0
github.com/QuantumNous/new-api/service/file_service.go:393.2,393.35 1 0
github.com/QuantumNous/new-api/service/file_service.go:393.35,395.3 1 0
github.com/QuantumNous/new-api/service/file_service.go:397.2,398.16 2 0
github.com/QuantumNous/new-api/service/file_service.go:398.16,400.3 1 0
github.com/QuantumNous/new-api/service/file_service.go:401.2,402.16 2 0
github.com/QuantumNous/new-api/service/file_service.go:402.16,404.3 1 0
github.com/QuantumNous/new-api/service/file_service.go:406.2,407.16 2 0
github.com/QuantumNous/new-api/service/file_service.go:407.16,409.3 1 0
github.com/QuantumNous/new-api/service/file_service.go:411.2,414.28 3 0
github.com/QuantumNous/new-api/service/file_service.go:418.103,420.16 2 0
github.com/QuantumNous/new-api/service/file_service.go:420.16,422.3 1 0
github.com/QuantumNous/new-api/service/file_service.go:423.2,424.16 2 0
github.com/QuantumNous/new-api/service/file_service.go:424.16,426.3 1 0
github.com/QuantumNous/new-api/service/file_service.go:427.2,427.44 1 0
github.com/QuantumNous/new-api/service/file_service.go:431.75,432.23 1 0
github.com/QuantumNous/new-api/service/file_service.go:432.23,434.3 1 0
github.com/QuantumNous/new-api/service/file_service.go:436.2,436.52 1 0
github.com/QuantumNous/new-api/service/file_service.go:436.52,438.77 2 0
github.com/QuantumNous/new-api/service/file_service.go:438.77,440.4 1 0
github.com/QuantumNous/new-api/service/file_service.go:443.2,444.16 2 0
github.com/QuantumNous/new-api/service/file_service.go:444.16,446.3 1 0
github.com/QuantumNous/new-api/service/file_service.go:447.2,447.33 1 0
github.com/QuantumNous/new-api/service/file_service.go:451.53,452.43 1 0
github.com/QuantumNous/new-api/service/file_service.go:452.43,454.3 1 0
github.com/QuantumNous/new-api/service/file_service.go:455.2,455.43 1 0
github.com/QuantumNous/new-api/service/file_service.go:455.43,457.3 1 0
github.com/QuantumNous/new-api/service/file_service.go:458.2,458.43 1 0
github.com/QuantumNous/new-api/service/file_service.go:458.43,460.3 1 0
github.com/QuantumNous/new-api/service/file_service.go:461.2,461.27 1 0
github.com/QuantumNous/new-api/service/file_service.go:465.67,469.16 3 0
github.com/QuantumNous/new-api/service/file_service.go:469.16,471.3 1 0
github.com/QuantumNous/new-api/service/file_service.go:473.2,475.16 3 0
github.com/QuantumNous/new-api/service/file_service.go:475.16,477.3 1 0
github.com/QuantumNous/new-api/service/file_service.go:480.2,480.50 1 0
github.com/QuantumNous/new-api/service/file_service.go:480.50,482.31 2 0
github.com/QuantumNous/new-api/service/file_service.go:482.31,484.4 1 0
github.com/QuantumNous/new-api/service/file_service.go:485.3,485.48 1 0
github.com/QuantumNous/new-api/service/file_service.go:485.48,487.4 1 0
github.com/QuantumNous/new-api/service/file_service.go:488.3,488.87 1 0
github.com/QuantumNous/new-api/service/file_service.go:491.2,491.92 1 0
github.com/QuantumNous/new-api/service/file_service.go:496.37,497.20 1 0
github.com/QuantumNous/new-api/service/file_service.go:497.20,499.3 1 0
github.com/QuantumNous/new-api/service/file_service.go:501.2,501.33 1 0
github.com/QuantumNous/new-api/service/file_service.go:501.33,503.3 1 0
github.com/QuantumNous/new-api/service/file_service.go:504.2,505.15 2 0
github.com/QuantumNous/new-api/service/file_service.go:506.54,507.22 1 0
github.com/QuantumNous/new-api/service/file_service.go:508.22,509.22 1 0
github.com/QuantumNous/new-api/service/file_service.go:510.10,511.12 1 0
github.com/QuantumNous/new-api/service/file_service.go:517.56,519.15 2 0
github.com/QuantumNous/new-api/service/file_service.go:519.15,521.3 1 0
github.com/QuantumNous/new-api/service/file_service.go:524.2,525.23 2 0
github.com/QuantumNous/new-api/service/file_service.go:525.23,530.19 4 0
github.com/QuantumNous/new-api/service/file_service.go:530.19,532.24 1 0
github.com/QuantumNous/new-api/service/file_service.go:532.24,533.10 1 0
github.com/QuantumNous/new-api/service/file_service.go:535.4,536.18 2 0
github.com/QuantumNous/new-api/service/file_service.go:537.9,537.26 1 0
github.com/QuantumNous/new-api/service/file_service.go:537.26,540.4 1 0
github.com/QuantumNous/new-api/service/file_service.go:542.3,542.51 1 0
github.com/QuantumNous/new-api/service/file_service.go:542.51,543.9 1 0
github.com/QuantumNous/new-api/service/file_service.go:546.3,546.24 1 0
github.com/QuantumNous/new-api/service/file_service.go:546.24,549.25 2 0
github.com/QuantumNous/new-api/service/file_service.go:549.25,551.5 1 0
github.com/QuantumNous/new-api/service/file_service.go:552.4,552.33 1 0
github.com/QuantumNous/new-api/service/file_service.go:554.3,554.20 1 0
github.com/QuantumNous/new-api/service/file_service.go:556.2,556.20 1 0
github.com/QuantumNous/new-api/service/file_service.go:561.45,564.23 3 0
github.com/QuantumNous/new-api/service/file_service.go:564.23,567.43 3 0
github.com/QuantumNous/new-api/service/file_service.go:567.43,568.9 1 0
github.com/QuantumNous/new-api/service/file_service.go:570.3,571.18 2 0
github.com/QuantumNous/new-api/service/file_service.go:572.23,573.41 1 0
github.com/QuantumNous/new-api/service/file_service.go:573.41,575.5 1 0
github.com/QuantumNous/new-api/service/file_service.go:576.15,578.26 1 0
github.com/QuantumNous/new-api/service/file_service.go:578.26,581.23 3 0
github.com/QuantumNous/new-api/service/file_service.go:581.23,583.6 1 0
github.com/QuantumNous/new-api/service/file_service.go:586.3,586.20 1 0
github.com/QuantumNous/new-api/service/file_service.go:588.2,588.20 1 0
github.com/QuantumNous/new-api/service/file_service.go:592.46,594.50 2 0
github.com/QuantumNous/new-api/service/file_service.go:594.50,596.3 1 0
github.com/QuantumNous/new-api/service/file_service.go:598.2,598.91 1 0
github.com/QuantumNous/new-api/service/file_service.go:598.91,600.74 2 0
github.com/QuantumNous/new-api/service/file_service.go:600.74,603.4 2 0
github.com/QuantumNous/new-api/service/file_service.go:606.2,606.35 1 0
github.com/QuantumNous/new-api/service/funding_source.go:34.41,34.71 1 0
github.com/QuantumNous/new-api/service/funding_source.go:36.54,37.17 1 0
github.com/QuantumNous/new-api/service/funding_source.go:37.17,39.3 1 0
github.com/QuantumNous/new-api/service/funding_source.go:40.2,40.73 1 0
github.com/QuantumNous/new-api/service/funding_source.go:40.73,42.3 1 0
github.com/QuantumNous/new-api/service/funding_source.go:43.2,44.12 2 0
github.com/QuantumNous/new-api/service/funding_source.go:47.49,48.16 1 0
github.com/QuantumNous/new-api/service/funding_source.go:48.16,50.3 1 0
github.com/QuantumNous/new-api/service/funding_source.go:51.2,51.15 1 0
github.com/QuantumNous/new-api/service/funding_source.go:51.15,53.3 1 0
github.com/QuantumNous/new-api/service/funding_source.go:54.2,54.57 1 0
github.com/QuantumNous/new-api/service/funding_source.go:57.40,58.21 1 0
github.com/QuantumNous/new-api/service/funding_source.go:58.21,60.3 1 0
github.com/QuantumNous/new-api/service/funding_source.go:63.2,63.61 1 0
github.com/QuantumNous/new-api/service/funding_source.go:84.47,84.83 1 0
github.com/QuantumNous/new-api/service/funding_source.go:86.55,89.16 2 0
github.com/QuantumNous/new-api/service/funding_source.go:89.16,91.3 1 0
github.com/QuantumNous/new-api/service/funding_source.go:92.2,97.127 5 0
github.com/QuantumNous/new-api/service/funding_source.go:97.127,100.3 2 0
github.com/QuantumNous/new-api/service/funding_source.go:101.2,101.12 1 0
github.com/QuantumNous/new-api/service/funding_source.go:104.55,105.16 1 0
github.com/QuantumNous/new-api/service/funding_source.go:105.16,107.3 1 0
github.com/QuantumNous/new-api/service/funding_source.go:108.2,108.79 1 0
github.com/QuantumNous/new-api/service/funding_source.go:111.46,112.24 1 0
github.com/QuantumNous/new-api/service/funding_source.go:112.24,114.3 1 0
github.com/QuantumNous/new-api/service/funding_source.go:115.2,115.38 1 0
github.com/QuantumNous/new-api/service/funding_source.go:115.38,117.3 1 0
github.com/QuantumNous/new-api/service/funding_source.go:122.45,123.15 1 0
github.com/QuantumNous/new-api/service/funding_source.go:123.15,125.3 1 0
github.com/QuantumNous/new-api/service/funding_source.go:126.2,128.35 3 0
github.com/QuantumNous/new-api/service/funding_source.go:128.35,129.30 1 0
github.com/QuantumNous/new-api/service/funding_source.go:129.30,131.4 1 0
github.com/QuantumNous/new-api/service/funding_source.go:131.9,133.4 1 0
github.com/QuantumNous/new-api/service/funding_source.go:134.3,134.24 1 0
github.com/QuantumNous/new-api/service/funding_source.go:134.24,136.4 1 0
github.com/QuantumNous/new-api/service/funding_source.go:138.2,138.16 1 0
github.com/QuantumNous/new-api/service/group.go:10.62,12.21 2 0
github.com/QuantumNous/new-api/service/group.go:12.21,14.8 2 0
github.com/QuantumNous/new-api/service/group.go:14.8,16.52 1 0
github.com/QuantumNous/new-api/service/group.go:16.52,17.46 1 0
github.com/QuantumNous/new-api/service/group.go:17.46,21.6 2 0
github.com/QuantumNous/new-api/service/group.go:21.11,21.53 1 0
github.com/QuantumNous/new-api/service/group.go:21.53,25.6 2 0
github.com/QuantumNous/new-api/service/group.go:25.11,28.6 1 0
github.com/QuantumNous/new-api/service/group.go:32.3,32.42 1 0
github.com/QuantumNous/new-api/service/group.go:32.42,34.4 1 0
github.com/QuantumNous/new-api/service/group.go:36.2,36.19 1 0
github.com/QuantumNous/new-api/service/group.go:39.64,42.2 2 0
github.com/QuantumNous/new-api/service/group.go:45.50,48.48 3 0
github.com/QuantumNous/new-api/service/group.go:48.48,49.33 1 0
github.com/QuantumNous/new-api/service/group.go:49.33,51.4 1 0
github.com/QuantumNous/new-api/service/group.go:53.2,53.19 1 0
github.com/QuantumNous/new-api/service/group.go:59.57,61.8 2 0
github.com/QuantumNous/new-api/service/group.go:61.8,63.3 1 0
github.com/QuantumNous/new-api/service/group.go:64.2,64.43 1 0
github.com/QuantumNous/new-api/service/http.go:16.63,17.53 1 0
github.com/QuantumNous/new-api/service/http.go:17.53,19.3 1 0
github.com/QuantumNous/new-api/service/http.go:20.2,21.16 2 0
github.com/QuantumNous/new-api/service/http.go:21.16,23.3 1 0
github.com/QuantumNous/new-api/service/http.go:31.74,32.44 1 0
github.com/QuantumNous/new-api/service/http.go:32.44,34.3 1 0
github.com/QuantumNous/new-api/service/http.go:35.2,35.47 1 0
github.com/QuantumNous/new-api/service/http.go:35.47,36.29 1 0
github.com/QuantumNous/new-api/service/http.go:36.29,38.4 1 0
github.com/QuantumNous/new-api/service/http.go:39.3,39.15 1 0
github.com/QuantumNous/new-api/service/http.go:41.2,41.13 1 0
github.com/QuantumNous/new-api/service/http.go:44.77,45.21 1 0
github.com/QuantumNous/new-api/service/http.go:45.21,47.3 1 0
github.com/QuantumNous/new-api/service/http.go:49.2,55.16 2 0
github.com/QuantumNous/new-api/service/http.go:55.16,56.32 1 0
github.com/QuantumNous/new-api/service/http.go:56.32,57.42 1 0
github.com/QuantumNous/new-api/service/http.go:57.42,58.13 1 0
github.com/QuantumNous/new-api/service/http.go:60.4,60.34 1 0
github.com/QuantumNous/new-api/service/http.go:65.2,68.16 2 0
github.com/QuantumNous/new-api/service/http.go:68.16,70.3 1 0
github.com/QuantumNous/new-api/service/http.go:70.8,72.3 1 0
github.com/QuantumNous/new-api/service/http.go:74.2,75.16 2 0
github.com/QuantumNous/new-api/service/http.go:75.16,77.3 1 0
github.com/QuantumNous/new-api/service/http.go:78.2,78.18 1 0
github.com/QuantumNous/new-api/service/http_client.go:24.66,27.299 3 0
github.com/QuantumNous/new-api/service/http_client.go:27.299,29.3 1 0
github.com/QuantumNous/new-api/service/http_client.go:30.2,30.20 1 0
github.com/QuantumNous/new-api/service/http_client.go:30.20,32.3 1 0
github.com/QuantumNous/new-api/service/http_client.go:33.2,33.12 1 0
github.com/QuantumNous/new-api/service/http_client.go:36.23,43.34 2 0
github.com/QuantumNous/new-api/service/http_client.go:43.34,45.3 1 0
github.com/QuantumNous/new-api/service/http_client.go:47.2,47.30 1 0
github.com/QuantumNous/new-api/service/http_client.go:47.30,52.3 1 0
github.com/QuantumNous/new-api/service/http_client.go:52.8,58.3 1 0
github.com/QuantumNous/new-api/service/http_client.go:61.35,63.2 1 0
github.com/QuantumNous/new-api/service/http_client.go:66.68,67.20 1 0
github.com/QuantumNous/new-api/service/http_client.go:67.20,69.3 1 0
github.com/QuantumNous/new-api/service/http_client.go:70.2,70.37 1 0
github.com/QuantumNous/new-api/service/http_client.go:74.30,77.38 3 0
github.com/QuantumNous/new-api/service/http_client.go:77.38,78.82 1 0
github.com/QuantumNous/new-api/service/http_client.go:78.82,80.4 1 0
github.com/QuantumNous/new-api/service/http_client.go:82.2,82.46 1 0
github.com/QuantumNous/new-api/service/http_client.go:86.64,87.20 1 0
github.com/QuantumNous/new-api/service/http_client.go:87.20,88.47 1 0
github.com/QuantumNous/new-api/service/http_client.go:88.47,90.4 1 0
github.com/QuantumNous/new-api/service/http_client.go:91.3,91.33 1 0
github.com/QuantumNous/new-api/service/http_client.go:94.2,95.46 2 0
github.com/QuantumNous/new-api/service/http_client.go:95.46,98.3 2 0
github.com/QuantumNous/new-api/service/http_client.go:99.2,102.16 3 0
github.com/QuantumNous/new-api/service/http_client.go:102.16,104.3 1 0
github.com/QuantumNous/new-api/service/http_client.go:106.2,106.26 1 0
github.com/QuantumNous/new-api/service/http_client.go:107.23,114.35 2 0
github.com/QuantumNous/new-api/service/http_client.go:114.35,116.4 1 0
github.com/QuantumNous/new-api/service/http_client.go:117.3,125.21 6 0
github.com/QuantumNous/new-api/service/http_client.go:127.27,130.28 2 0
github.com/QuantumNous/new-api/service/http_client.go:130.28,135.53 2 0
github.com/QuantumNous/new-api/service/http_client.go:135.53,137.5 1 0
github.com/QuantumNous/new-api/service/http_client.go:142.3,143.17 2 0
github.com/QuantumNous/new-api/service/http_client.go:143.17,145.4 1 0
github.com/QuantumNous/new-api/service/http_client.go:147.3,151.83 1 0
github.com/QuantumNous/new-api/service/http_client.go:151.83,153.5 1 0
github.com/QuantumNous/new-api/service/http_client.go:155.3,155.35 1 0
github.com/QuantumNous/new-api/service/http_client.go:155.35,157.4 1 0
github.com/QuantumNous/new-api/service/http_client.go:159.3,164.21 6 0
github.com/QuantumNous/new-api/service/http_client.go:166.10,167.115 1 0
github.com/QuantumNous/new-api/service/image.go:20.87,22.56 1 0
github.com/QuantumNous/new-api/service/image.go:22.56,24.3 1 0
github.com/QuantumNous/new-api/service/image.go:26.2,26.28 1 0
github.com/QuantumNous/new-api/service/image.go:26.28,28.3 1 0
github.com/QuantumNous/new-api/service/image.go:31.2,32.16 2 0
github.com/QuantumNous/new-api/service/image.go:32.16,35.3 2 0
github.com/QuantumNous/new-api/service/image.go:38.2,40.42 3 0
github.com/QuantumNous/new-api/service/image.go:43.72,47.15 4 0
github.com/QuantumNous/new-api/service/image.go:47.15,50.3 2 0
github.com/QuantumNous/new-api/service/image.go:51.2,54.15 4 0
github.com/QuantumNous/new-api/service/image.go:54.15,57.3 2 0
github.com/QuantumNous/new-api/service/image.go:58.2,60.15 3 0
github.com/QuantumNous/new-api/service/image.go:60.15,63.3 2 0
github.com/QuantumNous/new-api/service/image.go:64.2,65.36 2 0
github.com/QuantumNous/new-api/service/image.go:69.76,71.16 2 0
github.com/QuantumNous/new-api/service/image.go:71.16,73.3 1 0
github.com/QuantumNous/new-api/service/image.go:74.2,77.38 2 0
github.com/QuantumNous/new-api/service/image.go:77.38,79.3 1 0
github.com/QuantumNous/new-api/service/image.go:81.2,82.92 2 0
github.com/QuantumNous/new-api/service/image.go:82.92,84.3 1 0
github.com/QuantumNous/new-api/service/image.go:85.2,88.39 2 0
github.com/QuantumNous/new-api/service/image.go:88.39,90.3 1 0
github.com/QuantumNous/new-api/service/image.go:93.2,97.16 4 0
github.com/QuantumNous/new-api/service/image.go:97.16,99.3 1 0
github.com/QuantumNous/new-api/service/image.go:100.2,100.29 1 0
github.com/QuantumNous/new-api/service/image.go:100.29,102.3 1 0
github.com/QuantumNous/new-api/service/image.go:104.2,108.44 3 0
github.com/QuantumNous/new-api/service/image.go:108.44,110.17 2 0
github.com/QuantumNous/new-api/service/image.go:110.17,112.4 1 0
github.com/QuantumNous/new-api/service/image.go:113.3,113.31 1 0
github.com/QuantumNous/new-api/service/image.go:116.2,116.28 1 0
github.com/QuantumNous/new-api/service/image.go:119.72,121.16 2 0
github.com/QuantumNous/new-api/service/image.go:121.16,124.3 2 0
github.com/QuantumNous/new-api/service/image.go:125.2,127.32 2 0
github.com/QuantumNous/new-api/service/image.go:127.32,130.3 2 0
github.com/QuantumNous/new-api/service/image.go:132.2,134.86 2 0
github.com/QuantumNous/new-api/service/image.go:134.86,136.3 1 0
github.com/QuantumNous/new-api/service/image.go:138.2,139.64 2 0
github.com/QuantumNous/new-api/service/image.go:139.64,153.17 9 0
github.com/QuantumNous/new-api/service/image.go:153.17,155.4 1 0
github.com/QuantumNous/new-api/service/image.go:158.2,158.32 1 0
github.com/QuantumNous/new-api/service/image.go:161.69,164.20 2 0
github.com/QuantumNous/new-api/service/image.go:164.20,166.3 1 0
github.com/QuantumNous/new-api/service/image.go:169.2,170.16 2 0
github.com/QuantumNous/new-api/service/image.go:170.16,172.3 1 0
github.com/QuantumNous/new-api/service/image.go:173.2,176.16 3 0
github.com/QuantumNous/new-api/service/image.go:176.16,178.3 1 0
github.com/QuantumNous/new-api/service/image.go:179.2,182.50 2 0
github.com/QuantumNous/new-api/service/image.go:182.50,184.31 2 0
github.com/QuantumNous/new-api/service/image.go:184.31,186.4 1 0
github.com/QuantumNous/new-api/service/image.go:187.3,187.48 1 0
github.com/QuantumNous/new-api/service/image.go:187.48,189.4 1 0
github.com/QuantumNous/new-api/service/image.go:190.3,190.87 1 0
github.com/QuantumNous/new-api/service/image.go:193.2,193.32 1 0
github.com/QuantumNous/new-api/service/log_info_generate.go:17.106,18.18 1 0
github.com/QuantumNous/new-api/service/log_info_generate.go:18.18,20.3 1 0
github.com/QuantumNous/new-api/service/log_info_generate.go:21.2,21.64 1 0
github.com/QuantumNous/new-api/service/log_info_generate.go:21.64,22.47 1 0
github.com/QuantumNous/new-api/service/log_info_generate.go:22.47,25.4 2 0
github.com/QuantumNous/new-api/service/log_info_generate.go:27.2,27.56 1 0
github.com/QuantumNous/new-api/service/log_info_generate.go:27.56,29.49 2 0
github.com/QuantumNous/new-api/service/log_info_generate.go:29.49,31.4 1 0
github.com/QuantumNous/new-api/service/log_info_generate.go:32.3,32.31 1 0
github.com/QuantumNous/new-api/service/log_info_generate.go:37.106,47.37 10 0
github.com/QuantumNous/new-api/service/log_info_generate.go:47.37,49.3 1 0
github.com/QuantumNous/new-api/service/log_info_generate.go:50.2,50.29 1 0
github.com/QuantumNous/new-api/service/log_info_generate.go:50.29,53.3 2 0
github.com/QuantumNous/new-api/service/log_info_generate.go:55.2,56.31 2 0
github.com/QuantumNous/new-api/service/log_info_generate.go:56.31,58.3 1 0
github.com/QuantumNous/new-api/service/log_info_generate.go:60.2,63.16 4 0
github.com/QuantumNous/new-api/service/log_info_generate.go:63.16,66.3 2 0
github.com/QuantumNous/new-api/service/log_info_generate.go:68.2,69.24 2 0
github.com/QuantumNous/new-api/service/log_info_generate.go:69.24,71.3 1 0
github.com/QuantumNous/new-api/service/log_info_generate.go:73.2,84.14 11 0
github.com/QuantumNous/new-api/service/log_info_generate.go:87.98,88.38 1 0
github.com/QuantumNous/new-api/service/log_info_generate.go:88.38,90.3 1 0
github.com/QuantumNous/new-api/service/log_info_generate.go:91.2,92.33 2 0
github.com/QuantumNous/new-api/service/log_info_generate.go:92.33,94.3 1 0
github.com/QuantumNous/new-api/service/log_info_generate.go:95.2,96.38 2 0
github.com/QuantumNous/new-api/service/log_info_generate.go:96.38,98.3 1 0
github.com/QuantumNous/new-api/service/log_info_generate.go:99.2,99.41 1 0
github.com/QuantumNous/new-api/service/log_info_generate.go:99.41,101.3 1 0
github.com/QuantumNous/new-api/service/log_info_generate.go:104.93,105.38 1 0
github.com/QuantumNous/new-api/service/log_info_generate.go:105.38,107.3 1 0
github.com/QuantumNous/new-api/service/log_info_generate.go:108.2,109.33 2 0
github.com/QuantumNous/new-api/service/log_info_generate.go:109.33,111.3 1 0
github.com/QuantumNous/new-api/service/log_info_generate.go:112.2,113.38 2 0
github.com/QuantumNous/new-api/service/log_info_generate.go:113.38,115.3 1 0
github.com/QuantumNous/new-api/service/log_info_generate.go:116.2,116.36 1 0
github.com/QuantumNous/new-api/service/log_info_generate.go:116.36,118.3 1 0
github.com/QuantumNous/new-api/service/log_info_generate.go:119.2,119.39 1 0
github.com/QuantumNous/new-api/service/log_info_generate.go:119.39,121.3 1 0
github.com/QuantumNous/new-api/service/log_info_generate.go:124.94,125.80 1 0
github.com/QuantumNous/new-api/service/log_info_generate.go:125.80,127.3 1 0
github.com/QuantumNous/new-api/service/log_info_generate.go:128.2,128.44 1 0
github.com/QuantumNous/new-api/service/log_info_generate.go:131.89,132.94 1 0
github.com/QuantumNous/new-api/service/log_info_generate.go:132.94,134.3 1 0
github.com/QuantumNous/new-api/service/log_info_generate.go:135.2,137.41 3 0
github.com/QuantumNous/new-api/service/log_info_generate.go:137.41,139.3 1 0
github.com/QuantumNous/new-api/service/log_info_generate.go:140.2,144.24 2 0
github.com/QuantumNous/new-api/service/log_info_generate.go:144.24,146.3 1 0
github.com/QuantumNous/new-api/service/log_info_generate.go:147.2,147.23 1 0
github.com/QuantumNous/new-api/service/log_info_generate.go:147.23,150.31 3 0
github.com/QuantumNous/new-api/service/log_info_generate.go:150.31,152.4 1 0
github.com/QuantumNous/new-api/service/log_info_generate.go:153.3,153.34 1 0
github.com/QuantumNous/new-api/service/log_info_generate.go:155.2,155.37 1 0
github.com/QuantumNous/new-api/service/log_info_generate.go:158.88,159.38 1 0
github.com/QuantumNous/new-api/service/log_info_generate.go:159.38,161.3 1 0
github.com/QuantumNous/new-api/service/log_info_generate.go:163.2,163.35 1 0
github.com/QuantumNous/new-api/service/log_info_generate.go:163.35,165.3 1 0
github.com/QuantumNous/new-api/service/log_info_generate.go:166.2,166.51 1 0
github.com/QuantumNous/new-api/service/log_info_generate.go:166.51,168.3 1 0
github.com/QuantumNous/new-api/service/log_info_generate.go:169.2,169.47 1 0
github.com/QuantumNous/new-api/service/log_info_generate.go:169.47,170.36 1 0
github.com/QuantumNous/new-api/service/log_info_generate.go:170.36,172.4 1 0
github.com/QuantumNous/new-api/service/log_info_generate.go:173.3,173.44 1 0
github.com/QuantumNous/new-api/service/log_info_generate.go:173.44,175.4 1 0
github.com/QuantumNous/new-api/service/log_info_generate.go:177.3,177.43 1 0
github.com/QuantumNous/new-api/service/log_info_generate.go:177.43,179.4 1 0
github.com/QuantumNous/new-api/service/log_info_generate.go:180.3,180.40 1 0
github.com/QuantumNous/new-api/service/log_info_generate.go:180.40,182.4 1 0
github.com/QuantumNous/new-api/service/log_info_generate.go:183.3,183.44 1 0
github.com/QuantumNous/new-api/service/log_info_generate.go:183.44,185.4 1 0
github.com/QuantumNous/new-api/service/log_info_generate.go:187.3,189.19 3 0
github.com/QuantumNous/new-api/service/log_info_generate.go:189.19,191.4 1 0
github.com/QuantumNous/new-api/service/log_info_generate.go:192.3,192.20 1 0
github.com/QuantumNous/new-api/service/log_info_generate.go:192.20,194.4 1 0
github.com/QuantumNous/new-api/service/log_info_generate.go:195.3,195.44 1 0
github.com/QuantumNous/new-api/service/log_info_generate.go:195.44,197.18 2 0
github.com/QuantumNous/new-api/service/log_info_generate.go:197.18,199.5 1 0
github.com/QuantumNous/new-api/service/log_info_generate.go:200.4,202.41 3 0
github.com/QuantumNous/new-api/service/log_info_generate.go:204.3,204.19 1 0
github.com/QuantumNous/new-api/service/log_info_generate.go:204.19,206.4 1 0
github.com/QuantumNous/new-api/service/log_info_generate.go:208.3,208.37 1 0
github.com/QuantumNous/new-api/service/log_info_generate.go:212.99,213.38 1 0
github.com/QuantumNous/new-api/service/log_info_generate.go:213.38,215.3 1 0
github.com/QuantumNous/new-api/service/log_info_generate.go:216.2,216.48 1 0
github.com/QuantumNous/new-api/service/log_info_generate.go:216.48,218.3 1 0
github.com/QuantumNous/new-api/service/log_info_generate.go:219.2,220.53 2 0
github.com/QuantumNous/new-api/service/log_info_generate.go:220.53,221.12 1 0
github.com/QuantumNous/new-api/service/log_info_generate.go:222.32,223.46 1 0
github.com/QuantumNous/new-api/service/log_info_generate.go:224.32,225.44 1 0
github.com/QuantumNous/new-api/service/log_info_generate.go:226.32,227.42 1 0
github.com/QuantumNous/new-api/service/log_info_generate.go:228.41,229.45 1 0
github.com/QuantumNous/new-api/service/log_info_generate.go:230.11,231.36 1 0
github.com/QuantumNous/new-api/service/log_info_generate.go:234.2,234.21 1 0
github.com/QuantumNous/new-api/service/log_info_generate.go:234.21,236.3 1 0
github.com/QuantumNous/new-api/service/log_info_generate.go:237.2,237.37 1 0
github.com/QuantumNous/new-api/service/log_info_generate.go:240.95,241.38 1 0
github.com/QuantumNous/new-api/service/log_info_generate.go:241.38,243.3 1 0
github.com/QuantumNous/new-api/service/log_info_generate.go:244.2,244.71 1 0
github.com/QuantumNous/new-api/service/log_info_generate.go:244.71,248.3 1 0
github.com/QuantumNous/new-api/service/log_info_generate.go:251.239,261.2 9 0
github.com/QuantumNous/new-api/service/log_info_generate.go:263.233,273.2 9 0
github.com/QuantumNous/new-api/service/log_info_generate.go:280.69,285.32 5 0
github.com/QuantumNous/new-api/service/log_info_generate.go:285.32,288.3 2 0
github.com/QuantumNous/new-api/service/log_info_generate.go:289.2,289.32 1 0
github.com/QuantumNous/new-api/service/log_info_generate.go:289.32,292.3 2 0
github.com/QuantumNous/new-api/service/log_info_generate.go:293.2,293.13 1 0
github.com/QuantumNous/new-api/service/log_info_generate.go:296.110,300.46 4 0
github.com/QuantumNous/new-api/service/log_info_generate.go:300.46,302.3 1 0
github.com/QuantumNous/new-api/service/log_info_generate.go:303.2,303.68 1 0
github.com/QuantumNous/new-api/service/log_info_generate.go:303.68,306.31 1 0
github.com/QuantumNous/new-api/service/log_info_generate.go:306.31,308.4 1 0
github.com/QuantumNous/new-api/service/log_info_generate.go:310.2,312.47 2 0
github.com/QuantumNous/new-api/service/log_info_generate.go:312.47,314.54 2 0
github.com/QuantumNous/new-api/service/log_info_generate.go:314.54,316.4 1 0
github.com/QuantumNous/new-api/service/log_info_generate.go:317.3,317.52 1 0
github.com/QuantumNous/new-api/service/log_info_generate.go:317.52,319.4 1 0
github.com/QuantumNous/new-api/service/log_info_generate.go:320.3,320.55 1 0
github.com/QuantumNous/new-api/service/log_info_generate.go:320.55,322.4 1 0
github.com/QuantumNous/new-api/service/log_info_generate.go:324.2,324.14 1 0
github.com/QuantumNous/new-api/service/log_info_generate.go:330.128,331.38 1 0
github.com/QuantumNous/new-api/service/log_info_generate.go:331.38,333.3 1 0
github.com/QuantumNous/new-api/service/log_info_generate.go:334.2,335.17 2 0
github.com/QuantumNous/new-api/service/log_info_generate.go:335.17,337.3 1 0
github.com/QuantumNous/new-api/service/log_info_generate.go:338.2,340.19 3 0
github.com/QuantumNous/new-api/service/log_info_generate.go:340.19,344.3 3 0
github.com/QuantumNous/new-api/service/midjourney.go:22.57,24.43 2 0
github.com/QuantumNous/new-api/service/midjourney.go:24.43,26.3 1 0
github.com/QuantumNous/new-api/service/midjourney.go:27.2,27.18 1 0
github.com/QuantumNous/new-api/service/midjourney.go:30.115,32.58 2 0
github.com/QuantumNous/new-api/service/midjourney.go:32.58,35.17 2 0
github.com/QuantumNous/new-api/service/midjourney.go:35.17,37.4 1 0
github.com/QuantumNous/new-api/service/midjourney.go:38.3,38.30 1 0
github.com/QuantumNous/new-api/service/midjourney.go:39.8,40.20 1 0
github.com/QuantumNous/new-api/service/midjourney.go:41.49,42.37 1 0
github.com/QuantumNous/new-api/service/midjourney.go:43.47,44.35 1 0
github.com/QuantumNous/new-api/service/midjourney.go:45.47,46.35 1 0
github.com/QuantumNous/new-api/service/midjourney.go:47.50,48.38 1 0
github.com/QuantumNous/new-api/service/midjourney.go:49.47,50.35 1 0
github.com/QuantumNous/new-api/service/midjourney.go:51.49,52.37 1 0
github.com/QuantumNous/new-api/service/midjourney.go:53.48,54.31 1 0
github.com/QuantumNous/new-api/service/midjourney.go:55.47,56.35 1 0
github.com/QuantumNous/new-api/service/midjourney.go:57.40,58.38 1 0
github.com/QuantumNous/new-api/service/midjourney.go:59.48,60.36 1 0
github.com/QuantumNous/new-api/service/midjourney.go:61.54,63.21 2 0
github.com/QuantumNous/new-api/service/midjourney.go:63.21,65.5 1 0
github.com/QuantumNous/new-api/service/midjourney.go:66.4,66.26 1 0
github.com/QuantumNous/new-api/service/midjourney.go:67.147,68.24 1 0
github.com/QuantumNous/new-api/service/midjourney.go:69.11,70.93 1 0
github.com/QuantumNous/new-api/service/midjourney.go:73.2,74.29 2 0
github.com/QuantumNous/new-api/service/midjourney.go:77.96,80.20 2 0
github.com/QuantumNous/new-api/service/midjourney.go:80.20,82.3 1 0
github.com/QuantumNous/new-api/service/midjourney.go:83.2,85.24 3 0
github.com/QuantumNous/new-api/service/midjourney.go:85.24,87.3 1 0
github.com/QuantumNous/new-api/service/midjourney.go:87.8,89.3 1 0
github.com/QuantumNous/new-api/service/midjourney.go:91.2,91.18 1 0
github.com/QuantumNous/new-api/service/midjourney.go:91.18,93.3 1 0
github.com/QuantumNous/new-api/service/midjourney.go:94.2,94.42 1 0
github.com/QuantumNous/new-api/service/midjourney.go:94.42,96.17 2 0
github.com/QuantumNous/new-api/service/midjourney.go:96.17,98.4 1 0
github.com/QuantumNous/new-api/service/midjourney.go:99.3,100.48 2 0
github.com/QuantumNous/new-api/service/midjourney.go:101.8,101.50 1 0
github.com/QuantumNous/new-api/service/midjourney.go:101.50,103.28 2 0
github.com/QuantumNous/new-api/service/midjourney.go:103.28,105.18 2 0
github.com/QuantumNous/new-api/service/midjourney.go:105.18,107.5 1 0
github.com/QuantumNous/new-api/service/midjourney.go:108.4,109.51 2 0
github.com/QuantumNous/new-api/service/midjourney.go:110.9,110.39 1 0
github.com/QuantumNous/new-api/service/midjourney.go:110.39,112.4 1 0
github.com/QuantumNous/new-api/service/midjourney.go:112.9,112.40 1 0
github.com/QuantumNous/new-api/service/midjourney.go:112.40,114.4 1 0
github.com/QuantumNous/new-api/service/midjourney.go:115.8,115.44 1 0
github.com/QuantumNous/new-api/service/midjourney.go:115.44,118.3 2 0
github.com/QuantumNous/new-api/service/midjourney.go:118.8,118.47 1 0
github.com/QuantumNous/new-api/service/midjourney.go:118.47,121.3 2 0
github.com/QuantumNous/new-api/service/midjourney.go:121.8,121.33 1 0
github.com/QuantumNous/new-api/service/midjourney.go:121.33,124.3 2 0
github.com/QuantumNous/new-api/service/midjourney.go:124.8,124.35 1 0
github.com/QuantumNous/new-api/service/midjourney.go:124.35,127.3 2 0
github.com/QuantumNous/new-api/service/midjourney.go:127.8,127.32 1 0
github.com/QuantumNous/new-api/service/midjourney.go:127.32,130.3 2 0
github.com/QuantumNous/new-api/service/midjourney.go:130.8,132.3 1 0
github.com/QuantumNous/new-api/service/midjourney.go:133.2,133.12 1 0
github.com/QuantumNous/new-api/service/midjourney.go:136.71,138.21 2 0
github.com/QuantumNous/new-api/service/midjourney.go:138.21,140.3 1 0
github.com/QuantumNous/new-api/service/midjourney.go:142.2,146.22 4 0
github.com/QuantumNous/new-api/service/midjourney.go:146.22,148.3 1 0
github.com/QuantumNous/new-api/service/midjourney.go:148.8,148.29 1 0
github.com/QuantumNous/new-api/service/midjourney.go:148.29,150.3 1 0
github.com/QuantumNous/new-api/service/midjourney.go:150.8,150.26 1 0
github.com/QuantumNous/new-api/service/midjourney.go:150.26,153.3 2 0
github.com/QuantumNous/new-api/service/midjourney.go:153.8,155.3 1 0
github.com/QuantumNous/new-api/service/midjourney.go:157.2,158.42 2 0
github.com/QuantumNous/new-api/service/midjourney.go:158.42,160.3 1 0
github.com/QuantumNous/new-api/service/midjourney.go:161.2,162.21 2 0
github.com/QuantumNous/new-api/service/midjourney.go:165.147,172.31 3 0
github.com/QuantumNous/new-api/service/midjourney.go:172.31,174.17 2 0
github.com/QuantumNous/new-api/service/midjourney.go:174.17,176.4 1 0
github.com/QuantumNous/new-api/service/midjourney.go:177.3,177.38 1 0
github.com/QuantumNous/new-api/service/midjourney.go:177.38,179.4 1 0
github.com/QuantumNous/new-api/service/midjourney.go:180.3,180.31 1 0
github.com/QuantumNous/new-api/service/midjourney.go:180.31,182.4 1 0
github.com/QuantumNous/new-api/service/midjourney.go:186.2,186.32 1 0
github.com/QuantumNous/new-api/service/midjourney.go:186.32,187.53 1 0
github.com/QuantumNous/new-api/service/midjourney.go:187.53,193.4 4 0
github.com/QuantumNous/new-api/service/midjourney.go:195.2,196.16 2 0
github.com/QuantumNous/new-api/service/midjourney.go:196.16,198.3 1 0
github.com/QuantumNous/new-api/service/midjourney.go:199.2,200.16 2 0
github.com/QuantumNous/new-api/service/midjourney.go:200.16,202.3 1 0
github.com/QuantumNous/new-api/service/midjourney.go:203.2,209.16 6 0
github.com/QuantumNous/new-api/service/midjourney.go:209.16,212.3 2 0
github.com/QuantumNous/new-api/service/midjourney.go:213.2,215.16 3 0
github.com/QuantumNous/new-api/service/midjourney.go:215.16,218.3 2 0
github.com/QuantumNous/new-api/service/midjourney.go:219.2,224.16 3 0
github.com/QuantumNous/new-api/service/midjourney.go:224.16,226.3 1 0
github.com/QuantumNous/new-api/service/midjourney.go:227.2,228.16 2 0
github.com/QuantumNous/new-api/service/midjourney.go:228.16,230.3 1 0
github.com/QuantumNous/new-api/service/midjourney.go:231.2,234.16 4 0
github.com/QuantumNous/new-api/service/midjourney.go:234.16,236.3 1 0
github.com/QuantumNous/new-api/service/midjourney.go:237.2,240.19 4 0
github.com/QuantumNous/new-api/service/midjourney.go:240.19,242.3 1 0
github.com/QuantumNous/new-api/service/midjourney.go:242.8,244.17 2 0
github.com/QuantumNous/new-api/service/midjourney.go:244.17,246.19 2 0
github.com/QuantumNous/new-api/service/midjourney.go:246.19,248.5 1 0
github.com/QuantumNous/new-api/service/midjourney.go:255.2,258.22 1 0
github.com/QuantumNous/new-api/service/notify-limit.go:25.34,28.2 2 0
github.com/QuantumNous/new-api/service/notify-limit.go:31.25,32.19 1 0
github.com/QuantumNous/new-api/service/notify-limit.go:32.19,33.7 1 0
github.com/QuantumNous/new-api/service/notify-limit.go:33.7,36.61 3 0
github.com/QuantumNous/new-api/service/notify-limit.go:36.61,37.44 1 0
github.com/QuantumNous/new-api/service/notify-limit.go:37.44,38.51 1 0
github.com/QuantumNous/new-api/service/notify-limit.go:38.51,40.7 1 0
github.com/QuantumNous/new-api/service/notify-limit.go:42.5,42.16 1 0
github.com/QuantumNous/new-api/service/notify-limit.go:50.74,51.25 1 0
github.com/QuantumNous/new-api/service/notify-limit.go:51.25,53.3 1 0
github.com/QuantumNous/new-api/service/notify-limit.go:54.2,54.45 1 0
github.com/QuantumNous/new-api/service/notify-limit.go:57.67,62.47 3 0
github.com/QuantumNous/new-api/service/notify-limit.go:62.47,64.3 1 0
github.com/QuantumNous/new-api/service/notify-limit.go:67.2,67.17 1 0
github.com/QuantumNous/new-api/service/notify-limit.go:67.17,70.3 2 0
github.com/QuantumNous/new-api/service/notify-limit.go:72.2,76.27 3 0
github.com/QuantumNous/new-api/service/notify-limit.go:76.27,78.3 1 0
github.com/QuantumNous/new-api/service/notify-limit.go:81.2,82.16 2 0
github.com/QuantumNous/new-api/service/notify-limit.go:82.16,84.3 1 0
github.com/QuantumNous/new-api/service/notify-limit.go:86.2,86.18 1 0
github.com/QuantumNous/new-api/service/notify-limit.go:89.68,98.49 5 0
github.com/QuantumNous/new-api/service/notify-limit.go:98.49,101.55 2 0
github.com/QuantumNous/new-api/service/notify-limit.go:101.55,103.4 1 0
github.com/QuantumNous/new-api/service/notify-limit.go:104.8,106.3 1 0
github.com/QuantumNous/new-api/service/notify-limit.go:109.2,117.41 4 0
github.com/QuantumNous/new-api/service/openai_chat_responses_compat.go:8.115,10.2 1 0
github.com/QuantumNous/new-api/service/openai_chat_responses_compat.go:12.140,14.2 1 0
github.com/QuantumNous/new-api/service/openai_chat_responses_compat.go:16.79,18.2 1 0
github.com/QuantumNous/new-api/service/openai_chat_responses_mode.go:8.152,10.2 1 0
github.com/QuantumNous/new-api/service/openai_chat_responses_mode.go:12.97,14.2 1 0
github.com/QuantumNous/new-api/service/platform_pricing.go:34.67,39.115 2 0
github.com/QuantumNous/new-api/service/platform_pricing.go:39.115,44.15 4 0
github.com/QuantumNous/new-api/service/platform_pricing.go:44.15,51.4 5 0
github.com/QuantumNous/new-api/service/platform_pricing.go:51.9,60.4 7 0
github.com/QuantumNous/new-api/service/platform_pricing.go:62.3,74.4 1 0
github.com/QuantumNous/new-api/service/platform_pricing.go:78.2,79.31 2 0
github.com/QuantumNous/new-api/service/platform_pricing.go:79.31,80.129 1 0
github.com/QuantumNous/new-api/service/platform_pricing.go:80.129,81.102 1 0
github.com/QuantumNous/new-api/service/platform_pricing.go:81.102,82.32 1 0
github.com/QuantumNous/new-api/service/platform_pricing.go:82.32,83.44 1 0
github.com/QuantumNous/new-api/service/platform_pricing.go:83.44,85.7 1 0
github.com/QuantumNous/new-api/service/platform_pricing.go:87.5,87.33 1 0
github.com/QuantumNous/new-api/service/platform_pricing.go:94.2,95.43 2 0
github.com/QuantumNous/new-api/service/platform_pricing.go:95.43,96.48 1 0
github.com/QuantumNous/new-api/service/platform_pricing.go:96.48,97.82 1 0
github.com/QuantumNous/new-api/service/platform_pricing.go:97.82,98.32 1 0
github.com/QuantumNous/new-api/service/platform_pricing.go:98.32,99.44 1 0
github.com/QuantumNous/new-api/service/platform_pricing.go:99.44,101.65 2 0
github.com/QuantumNous/new-api/service/platform_pricing.go:101.65,103.8 1 0
github.com/QuantumNous/new-api/service/platform_pricing.go:110.2,110.30 1 0
github.com/QuantumNous/new-api/service/platform_pricing.go:113.73,115.22 2 0
github.com/QuantumNous/new-api/service/platform_pricing.go:115.22,117.3 1 0
github.com/QuantumNous/new-api/service/platform_pricing.go:118.2,118.15 1 0
github.com/QuantumNous/new-api/service/pre_consume_quota.go:17.79,18.42 1 0
github.com/QuantumNous/new-api/service/pre_consume_quota.go:18.42,20.20 2 0
github.com/QuantumNous/new-api/service/pre_consume_quota.go:20.20,24.18 3 0
github.com/QuantumNous/new-api/service/pre_consume_quota.go:24.18,26.5 1 0
github.com/QuantumNous/new-api/service/pre_consume_quota.go:33.113,35.16 2 0
github.com/QuantumNous/new-api/service/pre_consume_quota.go:35.16,37.3 1 0
github.com/QuantumNous/new-api/service/pre_consume_quota.go:38.2,38.20 1 0
github.com/QuantumNous/new-api/service/pre_consume_quota.go:38.20,40.3 1 0
github.com/QuantumNous/new-api/service/pre_consume_quota.go:41.2,41.36 1 0
github.com/QuantumNous/new-api/service/pre_consume_quota.go:41.36,43.3 1 0
github.com/QuantumNous/new-api/service/pre_consume_quota.go:45.2,48.28 3 0
github.com/QuantumNous/new-api/service/pre_consume_quota.go:48.28,50.32 1 0
github.com/QuantumNous/new-api/service/pre_consume_quota.go:50.32,53.31 2 0
github.com/QuantumNous/new-api/service/pre_consume_quota.go:53.31,57.5 2 0
github.com/QuantumNous/new-api/service/pre_consume_quota.go:58.9,63.4 2 0
github.com/QuantumNous/new-api/service/pre_consume_quota.go:66.2,66.26 1 0
github.com/QuantumNous/new-api/service/pre_consume_quota.go:66.26,68.17 2 0
github.com/QuantumNous/new-api/service/pre_consume_quota.go:68.17,70.4 1 0
github.com/QuantumNous/new-api/service/pre_consume_quota.go:71.3,72.17 2 0
github.com/QuantumNous/new-api/service/pre_consume_quota.go:72.17,74.4 1 0
github.com/QuantumNous/new-api/service/pre_consume_quota.go:75.3,75.193 1 0
github.com/QuantumNous/new-api/service/pre_consume_quota.go:77.2,78.12 2 0
github.com/QuantumNous/new-api/service/quota.go:44.71,46.13 2 0
github.com/QuantumNous/new-api/service/quota.go:46.13,48.3 1 0
github.com/QuantumNous/new-api/service/quota.go:49.2,49.37 1 0
github.com/QuantumNous/new-api/service/quota.go:52.46,53.19 1 0
github.com/QuantumNous/new-api/service/quota.go:53.19,60.3 5 0
github.com/QuantumNous/new-api/service/quota.go:62.2,84.60 17 0
github.com/QuantumNous/new-api/service/quota.go:84.60,86.3 1 0
github.com/QuantumNous/new-api/service/quota.go:88.2,88.38 1 0
github.com/QuantumNous/new-api/service/quota.go:91.109,92.24 1 0
github.com/QuantumNous/new-api/service/quota.go:92.24,94.3 1 0
github.com/QuantumNous/new-api/service/quota.go:95.2,96.16 2 0
github.com/QuantumNous/new-api/service/quota.go:96.16,98.3 1 0
github.com/QuantumNous/new-api/service/quota.go:100.2,101.16 2 0
github.com/QuantumNous/new-api/service/quota.go:101.16,103.3 1 0
github.com/QuantumNous/new-api/service/quota.go:105.2,114.12 9 0
github.com/QuantumNous/new-api/service/quota.go:114.12,118.3 3 0
github.com/QuantumNous/new-api/service/quota.go:120.2,122.8 3 0
github.com/QuantumNous/new-api/service/quota.go:122.8,124.3 1 0
github.com/QuantumNous/new-api/service/quota.go:126.2,143.23 3 0
github.com/QuantumNous/new-api/service/quota.go:143.23,145.3 1 0
github.com/QuantumNous/new-api/service/quota.go:147.2,147.56 1 0
github.com/QuantumNous/new-api/service/quota.go:147.56,149.3 1 0
github.com/QuantumNous/new-api/service/quota.go:151.2,152.16 2 0
github.com/QuantumNous/new-api/service/quota.go:152.16,154.3 1 0
github.com/QuantumNous/new-api/service/quota.go:155.2,156.12 2 0
github.com/QuantumNous/new-api/service/quota.go:160.49,168.14 3 0
github.com/QuantumNous/new-api/service/quota.go:168.14,170.3 1 0
github.com/QuantumNous/new-api/service/quota.go:172.2,205.14 16 0
github.com/QuantumNous/new-api/service/quota.go:205.14,207.3 1 0
github.com/QuantumNous/new-api/service/quota.go:209.2,211.15 3 0
github.com/QuantumNous/new-api/service/quota.go:211.15,214.3 1 0
github.com/QuantumNous/new-api/service/quota.go:214.8,216.3 1 0
github.com/QuantumNous/new-api/service/quota.go:219.2,219.22 1 0
github.com/QuantumNous/new-api/service/quota.go:219.22,226.3 3 0
github.com/QuantumNous/new-api/service/quota.go:226.8,229.3 2 0
github.com/QuantumNous/new-api/service/quota.go:231.2,231.61 1 0
github.com/QuantumNous/new-api/service/quota.go:231.61,233.3 1 0
github.com/QuantumNous/new-api/service/quota.go:235.2,236.24 2 0
github.com/QuantumNous/new-api/service/quota.go:236.24,238.3 1 0
github.com/QuantumNous/new-api/service/quota.go:239.2,241.25 2 0
github.com/QuantumNous/new-api/service/quota.go:241.25,243.3 1 0
github.com/QuantumNous/new-api/service/quota.go:244.2,257.4 1 0
github.com/QuantumNous/new-api/service/quota.go:260.86,261.39 1 0
github.com/QuantumNous/new-api/service/quota.go:261.39,263.3 1 0
github.com/QuantumNous/new-api/service/quota.go:264.2,278.42 9 0
github.com/QuantumNous/new-api/service/quota.go:281.119,284.58 2 0
github.com/QuantumNous/new-api/service/quota.go:284.58,286.3 1 0
github.com/QuantumNous/new-api/service/quota.go:287.2,289.14 3 0
github.com/QuantumNous/new-api/service/quota.go:289.14,291.3 1 0
github.com/QuantumNous/new-api/service/quota.go:293.2,326.14 16 0
github.com/QuantumNous/new-api/service/quota.go:326.14,328.3 1 0
github.com/QuantumNous/new-api/service/quota.go:330.2,332.15 3 0
github.com/QuantumNous/new-api/service/quota.go:332.15,335.3 1 0
github.com/QuantumNous/new-api/service/quota.go:335.8,337.3 1 0
github.com/QuantumNous/new-api/service/quota.go:340.2,340.22 1 0
github.com/QuantumNous/new-api/service/quota.go:340.22,347.3 3 0
github.com/QuantumNous/new-api/service/quota.go:347.8,350.3 2 0
github.com/QuantumNous/new-api/service/quota.go:352.2,352.61 1 0
github.com/QuantumNous/new-api/service/quota.go:352.61,354.3 1 0
github.com/QuantumNous/new-api/service/quota.go:356.2,357.24 2 0
github.com/QuantumNous/new-api/service/quota.go:357.24,359.3 1 0
github.com/QuantumNous/new-api/service/quota.go:360.2,362.25 2 0
github.com/QuantumNous/new-api/service/quota.go:362.25,364.3 1 0
github.com/QuantumNous/new-api/service/quota.go:365.2,379.19 2 0
github.com/QuantumNous/new-api/service/quota.go:379.19,381.3 1 0
github.com/QuantumNous/new-api/service/quota.go:384.78,385.15 1 0
github.com/QuantumNous/new-api/service/quota.go:385.15,387.3 1 0
github.com/QuantumNous/new-api/service/quota.go:388.2,388.28 1 0
github.com/QuantumNous/new-api/service/quota.go:388.28,390.3 1 0
github.com/QuantumNous/new-api/service/quota.go:394.2,395.16 2 0
github.com/QuantumNous/new-api/service/quota.go:395.16,397.3 1 0
github.com/QuantumNous/new-api/service/quota.go:399.2,402.63 2 0
github.com/QuantumNous/new-api/service/quota.go:402.63,404.3 1 0
github.com/QuantumNous/new-api/service/quota.go:407.2,408.16 2 0
github.com/QuantumNous/new-api/service/quota.go:408.16,410.3 1 0
github.com/QuantumNous/new-api/service/quota.go:413.2,413.31 1 0
github.com/QuantumNous/new-api/service/quota.go:413.31,414.86 1 0
github.com/QuantumNous/new-api/service/quota.go:414.86,423.4 1 0
github.com/QuantumNous/new-api/service/quota.go:424.3,424.92 1 0
github.com/QuantumNous/new-api/service/quota.go:424.92,433.4 1 0
github.com/QuantumNous/new-api/service/quota.go:435.3,435.32 1 0
github.com/QuantumNous/new-api/service/quota.go:435.32,437.4 1 0
github.com/QuantumNous/new-api/service/quota.go:441.2,442.16 2 0
github.com/QuantumNous/new-api/service/quota.go:442.16,444.3 1 0
github.com/QuantumNous/new-api/service/quota.go:445.2,445.12 1 0
github.com/QuantumNous/new-api/service/quota.go:448.118,451.78 1 0
github.com/QuantumNous/new-api/service/quota.go:451.78,452.36 1 0
github.com/QuantumNous/new-api/service/quota.go:452.36,454.4 1 0
github.com/QuantumNous/new-api/service/quota.go:455.3,456.17 2 0
github.com/QuantumNous/new-api/service/quota.go:456.17,457.98 1 0
github.com/QuantumNous/new-api/service/quota.go:457.98,459.5 1 0
github.com/QuantumNous/new-api/service/quota.go:460.4,460.44 1 0
github.com/QuantumNous/new-api/service/quota.go:462.8,464.16 1 0
github.com/QuantumNous/new-api/service/quota.go:464.16,466.4 1 0
github.com/QuantumNous/new-api/service/quota.go:466.9,468.4 1 0
github.com/QuantumNous/new-api/service/quota.go:469.3,469.17 1 0
github.com/QuantumNous/new-api/service/quota.go:469.17,471.4 1 0
github.com/QuantumNous/new-api/service/quota.go:474.2,474.29 1 0
github.com/QuantumNous/new-api/service/quota.go:474.29,475.16 1 0
github.com/QuantumNous/new-api/service/quota.go:475.16,477.4 1 0
github.com/QuantumNous/new-api/service/quota.go:477.9,479.4 1 0
github.com/QuantumNous/new-api/service/quota.go:480.3,480.17 1 0
github.com/QuantumNous/new-api/service/quota.go:480.17,482.4 1 0
github.com/QuantumNous/new-api/service/quota.go:485.2,485.15 1 0
github.com/QuantumNous/new-api/service/quota.go:485.15,486.38 1 0
github.com/QuantumNous/new-api/service/quota.go:486.38,488.4 1 0
github.com/QuantumNous/new-api/service/quota.go:491.2,491.12 1 0
github.com/QuantumNous/new-api/service/quota.go:494.97,495.19 1 0
github.com/QuantumNous/new-api/service/quota.go:495.19,498.45 3 0
github.com/QuantumNous/new-api/service/quota.go:498.45,500.4 1 0
github.com/QuantumNous/new-api/service/quota.go:503.3,505.51 3 0
github.com/QuantumNous/new-api/service/quota.go:505.51,507.4 1 0
github.com/QuantumNous/new-api/service/quota.go:508.3,508.18 1 0
github.com/QuantumNous/new-api/service/quota.go:508.18,517.24 6 0
github.com/QuantumNous/new-api/service/quota.go:517.24,519.5 1 0
github.com/QuantumNous/new-api/service/quota.go:521.4,521.40 1 0
github.com/QuantumNous/new-api/service/quota.go:521.40,525.5 2 0
github.com/QuantumNous/new-api/service/quota.go:525.10,525.49 1 0
github.com/QuantumNous/new-api/service/quota.go:525.49,528.5 2 0
github.com/QuantumNous/new-api/service/quota.go:528.10,532.5 2 0
github.com/QuantumNous/new-api/service/quota.go:534.4,535.18 2 0
github.com/QuantumNous/new-api/service/quota.go:535.18,537.5 1 0
github.com/QuantumNous/new-api/service/quota.go:542.76,543.19 1 0
github.com/QuantumNous/new-api/service/quota.go:543.19,544.23 1 0
github.com/QuantumNous/new-api/service/quota.go:544.23,546.4 1 0
github.com/QuantumNous/new-api/service/quota.go:547.3,547.78 1 0
github.com/QuantumNous/new-api/service/quota.go:547.78,549.4 1 0
github.com/QuantumNous/new-api/service/quota.go:551.3,553.45 3 0
github.com/QuantumNous/new-api/service/quota.go:553.45,555.4 1 0
github.com/QuantumNous/new-api/service/quota.go:557.3,559.36 3 0
github.com/QuantumNous/new-api/service/quota.go:559.36,561.4 1 0
github.com/QuantumNous/new-api/service/quota.go:563.3,569.23 6 0
github.com/QuantumNous/new-api/service/quota.go:569.23,571.4 1 0
github.com/QuantumNous/new-api/service/quota.go:573.3,573.39 1 0
github.com/QuantumNous/new-api/service/quota.go:573.39,576.4 2 0
github.com/QuantumNous/new-api/service/quota.go:576.9,576.48 1 0
github.com/QuantumNous/new-api/service/quota.go:576.48,579.4 2 0
github.com/QuantumNous/new-api/service/quota.go:579.9,582.4 2 0
github.com/QuantumNous/new-api/service/quota.go:584.3,584.165 1 0
github.com/QuantumNous/new-api/service/quota.go:584.165,586.4 1 0
github.com/QuantumNous/new-api/service/quota.go:593.70,595.44 2 1
github.com/QuantumNous/new-api/service/quota.go:595.44,599.24 1 1
github.com/QuantumNous/new-api/service/quota.go:599.24,601.4 1 0
github.com/QuantumNous/new-api/service/quota.go:603.2,604.48 2 1
github.com/QuantumNous/new-api/service/quota.go:604.48,608.24 1 1
github.com/QuantumNous/new-api/service/quota.go:608.24,610.4 1 0
github.com/QuantumNous/new-api/service/quota.go:612.2,612.12 1 1
github.com/QuantumNous/new-api/service/quota.go:615.43,618.2 2 1
github.com/QuantumNous/new-api/service/quota.go:620.45,623.2 2 1
github.com/QuantumNous/new-api/service/rankings.go:137.68,139.16 2 0
github.com/QuantumNous/new-api/service/rankings.go:139.16,141.3 1 0
github.com/QuantumNous/new-api/service/rankings.go:143.2,145.75 3 0
github.com/QuantumNous/new-api/service/rankings.go:145.75,148.3 2 0
github.com/QuantumNous/new-api/service/rankings.go:149.2,152.16 3 0
github.com/QuantumNous/new-api/service/rankings.go:152.16,154.3 1 0
github.com/QuantumNous/new-api/service/rankings.go:156.2,163.18 4 0
github.com/QuantumNous/new-api/service/rankings.go:166.64,167.16 1 0
github.com/QuantumNous/new-api/service/rankings.go:168.18,169.140 1 0
github.com/QuantumNous/new-api/service/rankings.go:170.15,171.132 1 0
github.com/QuantumNous/new-api/service/rankings.go:172.15,173.142 1 0
github.com/QuantumNous/new-api/service/rankings.go:174.14,175.146 1 0
github.com/QuantumNous/new-api/service/rankings.go:176.13,177.98 1 0
github.com/QuantumNous/new-api/service/rankings.go:178.10,179.81 1 0
github.com/QuantumNous/new-api/service/rankings.go:183.98,186.16 3 0
github.com/QuantumNous/new-api/service/rankings.go:186.16,188.3 1 0
github.com/QuantumNous/new-api/service/rankings.go:189.2,190.16 2 0
github.com/QuantumNous/new-api/service/rankings.go:190.16,192.3 1 0
github.com/QuantumNous/new-api/service/rankings.go:194.2,195.24 2 0
github.com/QuantumNous/new-api/service/rankings.go:195.24,198.17 3 0
github.com/QuantumNous/new-api/service/rankings.go:198.17,200.4 1 0
github.com/QuantumNous/new-api/service/rankings.go:203.2,221.8 10 0
github.com/QuantumNous/new-api/service/rankings.go:224.81,226.26 2 0
github.com/QuantumNous/new-api/service/rankings.go:226.26,228.3 1 0
github.com/QuantumNous/new-api/service/rankings.go:229.2,229.50 1 0
github.com/QuantumNous/new-api/service/rankings.go:232.94,236.2 3 0
github.com/QuantumNous/new-api/service/rankings.go:238.58,240.44 2 0
github.com/QuantumNous/new-api/service/rankings.go:240.44,242.3 1 0
github.com/QuantumNous/new-api/service/rankings.go:244.2,245.45 2 0
github.com/QuantumNous/new-api/service/rankings.go:245.45,247.53 2 0
github.com/QuantumNous/new-api/service/rankings.go:247.53,250.4 2 0
github.com/QuantumNous/new-api/service/rankings.go:250.9,250.35 1 0
github.com/QuantumNous/new-api/service/rankings.go:250.35,252.4 1 0
github.com/QuantumNous/new-api/service/rankings.go:253.3,253.33 1 0
github.com/QuantumNous/new-api/service/rankings.go:255.2,255.13 1 0
github.com/QuantumNous/new-api/service/rankings.go:258.85,259.58 1 0
github.com/QuantumNous/new-api/service/rankings.go:259.58,261.3 1 0
github.com/QuantumNous/new-api/service/rankings.go:262.2,262.55 1 0
github.com/QuantumNous/new-api/service/rankings.go:265.205,267.32 2 0
github.com/QuantumNous/new-api/service/rankings.go:267.32,270.52 3 0
github.com/QuantumNous/new-api/service/rankings.go:270.52,273.4 2 0
github.com/QuantumNous/new-api/service/rankings.go:274.3,275.17 2 0
github.com/QuantumNous/new-api/service/rankings.go:275.17,277.4 1 0
github.com/QuantumNous/new-api/service/rankings.go:278.3,288.5 1 0
github.com/QuantumNous/new-api/service/rankings.go:290.2,290.13 1 0
github.com/QuantumNous/new-api/service/rankings.go:293.193,295.37 2 0
github.com/QuantumNous/new-api/service/rankings.go:295.37,300.44 5 0
github.com/QuantumNous/new-api/service/rankings.go:300.44,303.4 2 0
github.com/QuantumNous/new-api/service/rankings.go:305.2,305.38 1 0
github.com/QuantumNous/new-api/service/rankings.go:305.38,309.3 3 0
github.com/QuantumNous/new-api/service/rankings.go:311.2,312.33 2 0
github.com/QuantumNous/new-api/service/rankings.go:312.33,313.27 1 0
github.com/QuantumNous/new-api/service/rankings.go:313.27,314.12 1 0
github.com/QuantumNous/new-api/service/rankings.go:316.3,317.17 2 0
github.com/QuantumNous/new-api/service/rankings.go:317.17,319.4 1 0
github.com/QuantumNous/new-api/service/rankings.go:320.3,328.5 1 0
github.com/QuantumNous/new-api/service/rankings.go:330.2,330.39 1 0
github.com/QuantumNous/new-api/service/rankings.go:330.39,331.49 1 0
github.com/QuantumNous/new-api/service/rankings.go:331.49,333.4 1 0
github.com/QuantumNous/new-api/service/rankings.go:334.3,334.51 1 0
github.com/QuantumNous/new-api/service/rankings.go:336.2,336.24 1 0
github.com/QuantumNous/new-api/service/rankings.go:336.24,338.3 1 0
github.com/QuantumNous/new-api/service/rankings.go:339.2,339.13 1 0
github.com/QuantumNous/new-api/service/rankings.go:342.108,344.16 2 0
github.com/QuantumNous/new-api/service/rankings.go:344.16,346.3 1 0
github.com/QuantumNous/new-api/service/rankings.go:347.2,348.9 2 0
github.com/QuantumNous/new-api/service/rankings.go:348.9,355.3 2 0
github.com/QuantumNous/new-api/service/rankings.go:356.2,356.45 1 0
github.com/QuantumNous/new-api/service/rankings.go:356.45,358.3 1 0
github.com/QuantumNous/new-api/service/rankings.go:359.2,359.12 1 0
github.com/QuantumNous/new-api/service/rankings.go:362.175,366.32 4 0
github.com/QuantumNous/new-api/service/rankings.go:366.32,367.32 1 0
github.com/QuantumNous/new-api/service/rankings.go:367.32,371.12 4 0
github.com/QuantumNous/new-api/service/rankings.go:373.3,373.33 1 0
github.com/QuantumNous/new-api/service/rankings.go:375.2,375.20 1 0
github.com/QuantumNous/new-api/service/rankings.go:375.20,377.3 1 0
github.com/QuantumNous/new-api/service/rankings.go:379.2,381.31 3 0
github.com/QuantumNous/new-api/service/rankings.go:381.31,383.41 2 0
github.com/QuantumNous/new-api/service/rankings.go:383.41,385.4 1 0
github.com/QuantumNous/new-api/service/rankings.go:386.3,387.56 2 0
github.com/QuantumNous/new-api/service/rankings.go:387.56,389.4 1 0
github.com/QuantumNous/new-api/service/rankings.go:390.3,390.64 1 0
github.com/QuantumNous/new-api/service/rankings.go:393.2,395.39 3 0
github.com/QuantumNous/new-api/service/rankings.go:395.39,396.39 1 0
github.com/QuantumNous/new-api/service/rankings.go:396.39,398.19 2 0
github.com/QuantumNous/new-api/service/rankings.go:398.19,399.13 1 0
github.com/QuantumNous/new-api/service/rankings.go:401.4,407.6 1 0
github.com/QuantumNous/new-api/service/rankings.go:411.2,415.3 1 0
github.com/QuantumNous/new-api/service/rankings.go:418.189,422.35 4 0
github.com/QuantumNous/new-api/service/rankings.go:422.35,423.31 1 0
github.com/QuantumNous/new-api/service/rankings.go:423.31,426.12 3 0
github.com/QuantumNous/new-api/service/rankings.go:428.3,428.35 1 0
github.com/QuantumNous/new-api/service/rankings.go:430.2,430.20 1 0
github.com/QuantumNous/new-api/service/rankings.go:430.20,432.3 1 0
github.com/QuantumNous/new-api/service/rankings.go:434.2,437.31 4 0
github.com/QuantumNous/new-api/service/rankings.go:437.31,440.43 3 0
github.com/QuantumNous/new-api/service/rankings.go:440.43,442.4 1 0
github.com/QuantumNous/new-api/service/rankings.go:443.3,444.57 2 0
github.com/QuantumNous/new-api/service/rankings.go:444.57,446.4 1 0
github.com/QuantumNous/new-api/service/rankings.go:447.3,448.45 2 0
github.com/QuantumNous/new-api/service/rankings.go:451.2,453.39 3 0
github.com/QuantumNous/new-api/service/rankings.go:453.39,454.37 1 0
github.com/QuantumNous/new-api/service/rankings.go:454.37,456.19 2 0
github.com/QuantumNous/new-api/service/rankings.go:456.19,457.13 1 0
github.com/QuantumNous/new-api/service/rankings.go:459.4,465.6 1 0
github.com/QuantumNous/new-api/service/rankings.go:469.2,473.3 1 0
github.com/QuantumNous/new-api/service/rankings.go:476.80,479.30 3 0
github.com/QuantumNous/new-api/service/rankings.go:479.30,480.31 1 0
github.com/QuantumNous/new-api/service/rankings.go:480.31,481.12 1 0
github.com/QuantumNous/new-api/service/rankings.go:483.3,484.17 2 0
github.com/QuantumNous/new-api/service/rankings.go:484.17,485.12 1 0
github.com/QuantumNous/new-api/service/rankings.go:487.3,495.16 2 0
github.com/QuantumNous/new-api/service/rankings.go:495.16,497.4 1 0
github.com/QuantumNous/new-api/service/rankings.go:497.9,499.4 1 0
github.com/QuantumNous/new-api/service/rankings.go:501.2,501.41 1 0
github.com/QuantumNous/new-api/service/rankings.go:501.41,502.49 1 0
github.com/QuantumNous/new-api/service/rankings.go:502.49,504.4 1 0
github.com/QuantumNous/new-api/service/rankings.go:505.3,505.51 1 0
github.com/QuantumNous/new-api/service/rankings.go:507.2,507.43 1 0
github.com/QuantumNous/new-api/service/rankings.go:507.43,508.53 1 0
github.com/QuantumNous/new-api/service/rankings.go:508.53,510.4 1 0
github.com/QuantumNous/new-api/service/rankings.go:511.3,511.55 1 0
github.com/QuantumNous/new-api/service/rankings.go:513.2,513.103 1 0
github.com/QuantumNous/new-api/service/rankings.go:516.65,518.32 2 0
github.com/QuantumNous/new-api/service/rankings.go:518.32,520.3 1 0
github.com/QuantumNous/new-api/service/rankings.go:521.2,521.42 1 0
github.com/QuantumNous/new-api/service/rankings.go:521.42,523.3 1 0
github.com/QuantumNous/new-api/service/rankings.go:524.2,524.16 1 0
github.com/QuantumNous/new-api/service/rankings.go:527.43,529.2 1 0
github.com/QuantumNous/new-api/service/rankings.go:531.74,533.2 1 0
github.com/QuantumNous/new-api/service/rankings.go:535.70,537.32 2 0
github.com/QuantumNous/new-api/service/rankings.go:537.32,539.3 1 0
github.com/QuantumNous/new-api/service/rankings.go:540.2,540.14 1 0
github.com/QuantumNous/new-api/service/rankings.go:543.73,545.30 2 0
github.com/QuantumNous/new-api/service/rankings.go:545.30,547.3 1 0
github.com/QuantumNous/new-api/service/rankings.go:548.2,548.15 1 0
github.com/QuantumNous/new-api/service/rankings.go:551.63,553.30 2 0
github.com/QuantumNous/new-api/service/rankings.go:553.30,555.3 1 0
github.com/QuantumNous/new-api/service/rankings.go:556.2,556.14 1 0
github.com/QuantumNous/new-api/service/rankings.go:559.53,560.30 1 0
github.com/QuantumNous/new-api/service/rankings.go:560.30,562.3 1 0
github.com/QuantumNous/new-api/service/rankings.go:563.2,563.59 1 0
github.com/QuantumNous/new-api/service/rankings.go:566.62,567.19 1 0
github.com/QuantumNous/new-api/service/rankings.go:567.19,568.18 1 0
github.com/QuantumNous/new-api/service/rankings.go:568.18,570.4 1 0
github.com/QuantumNous/new-api/service/rankings.go:571.3,571.11 1 0
github.com/QuantumNous/new-api/service/rankings.go:573.2,573.81 1 0
github.com/QuantumNous/new-api/service/rankings.go:576.47,578.2 1 0
github.com/QuantumNous/new-api/service/rankings.go:580.69,581.38 1 0
github.com/QuantumNous/new-api/service/rankings.go:581.38,583.3 1 0
github.com/QuantumNous/new-api/service/rankings.go:584.2,584.21 1 0
github.com/QuantumNous/new-api/service/rankings.go:587.72,588.38 1 0
github.com/QuantumNous/new-api/service/rankings.go:588.38,590.3 1 0
github.com/QuantumNous/new-api/service/rankings.go:591.2,591.21 1 0
github.com/QuantumNous/new-api/service/rankings.go:594.31,595.11 1 0
github.com/QuantumNous/new-api/service/rankings.go:595.11,597.3 1 0
github.com/QuantumNous/new-api/service/rankings.go:598.2,598.10 1 0
github.com/QuantumNous/new-api/service/return_path.go:10.45,13.2 2 0
github.com/QuantumNous/new-api/service/sensitive.go:11.71,12.24 1 0
github.com/QuantumNous/new-api/service/sensitive.go:12.24,14.3 1 0
github.com/QuantumNous/new-api/service/sensitive.go:16.2,16.35 1 0
github.com/QuantumNous/new-api/service/sensitive.go:16.35,18.34 2 0
github.com/QuantumNous/new-api/service/sensitive.go:18.34,19.29 1 0
github.com/QuantumNous/new-api/service/sensitive.go:19.29,21.13 1 0
github.com/QuantumNous/new-api/service/sensitive.go:24.4,24.20 1 0
github.com/QuantumNous/new-api/service/sensitive.go:24.20,25.13 1 0
github.com/QuantumNous/new-api/service/sensitive.go:27.4,27.54 1 0
github.com/QuantumNous/new-api/service/sensitive.go:27.54,29.5 1 0
github.com/QuantumNous/new-api/service/sensitive.go:32.2,32.17 1 0
github.com/QuantumNous/new-api/service/sensitive.go:35.55,37.2 1 0
github.com/QuantumNous/new-api/service/sensitive.go:40.58,41.38 1 0
github.com/QuantumNous/new-api/service/sensitive.go:41.38,43.3 1 0
github.com/QuantumNous/new-api/service/sensitive.go:44.2,44.20 1 0
github.com/QuantumNous/new-api/service/sensitive.go:44.20,46.3 1 0
github.com/QuantumNous/new-api/service/sensitive.go:47.2,48.58 2 0
github.com/QuantumNous/new-api/service/sensitive.go:52.89,53.38 1 0
github.com/QuantumNous/new-api/service/sensitive.go:53.38,55.3 1 0
github.com/QuantumNous/new-api/service/sensitive.go:56.2,59.19 4 0
github.com/QuantumNous/new-api/service/sensitive.go:59.19,65.28 5 0
github.com/QuantumNous/new-api/service/sensitive.go:65.28,72.4 6 0
github.com/QuantumNous/new-api/service/sensitive.go:73.3,74.39 2 0
github.com/QuantumNous/new-api/service/sensitive.go:76.2,76.25 1 0
github.com/QuantumNous/new-api/service/str.go:14.53,17.28 2 0
github.com/QuantumNous/new-api/service/str.go:17.28,19.3 1 0
github.com/QuantumNous/new-api/service/str.go:22.2,25.24 2 0
github.com/QuantumNous/new-api/service/str.go:25.24,28.40 2 0
github.com/QuantumNous/new-api/service/str.go:28.40,30.4 1 0
github.com/QuantumNous/new-api/service/str.go:32.3,32.13 1 0
github.com/QuantumNous/new-api/service/str.go:32.13,34.4 1 0
github.com/QuantumNous/new-api/service/str.go:37.3,37.14 1 0
github.com/QuantumNous/new-api/service/str.go:37.14,39.35 2 0
github.com/QuantumNous/new-api/service/str.go:39.35,41.5 1 0
github.com/QuantumNous/new-api/service/str.go:41.10,43.5 1 0
github.com/QuantumNous/new-api/service/str.go:44.9,45.9 1 0
github.com/QuantumNous/new-api/service/str.go:48.2,48.14 1 0
github.com/QuantumNous/new-api/service/str.go:51.43,54.25 3 0
github.com/QuantumNous/new-api/service/str.go:54.25,55.31 1 0
github.com/QuantumNous/new-api/service/str.go:55.31,58.4 2 0
github.com/QuantumNous/new-api/service/str.go:60.2,60.15 1 0
github.com/QuantumNous/new-api/service/str.go:63.51,66.39 3 0
github.com/QuantumNous/new-api/service/str.go:66.39,69.3 2 0
github.com/QuantumNous/new-api/service/str.go:70.2,70.10 1 0
github.com/QuantumNous/new-api/service/str.go:75.34,76.20 1 0
github.com/QuantumNous/new-api/service/str.go:76.20,78.3 1 0
github.com/QuantumNous/new-api/service/str.go:79.2,80.25 2 0
github.com/QuantumNous/new-api/service/str.go:80.25,82.14 2 0
github.com/QuantumNous/new-api/service/str.go:82.14,84.4 1 0
github.com/QuantumNous/new-api/service/str.go:86.2,86.26 1 0
github.com/QuantumNous/new-api/service/str.go:86.26,88.3 1 0
github.com/QuantumNous/new-api/service/str.go:89.2,91.31 3 0
github.com/QuantumNous/new-api/service/str.go:91.31,94.3 2 0
github.com/QuantumNous/new-api/service/str.go:95.2,95.42 1 0
github.com/QuantumNous/new-api/service/str.go:98.57,100.15 2 0
github.com/QuantumNous/new-api/service/str.go:100.15,102.3 1 0
github.com/QuantumNous/new-api/service/str.go:103.2,103.36 1 0
github.com/QuantumNous/new-api/service/str.go:103.36,104.48 1 0
github.com/QuantumNous/new-api/service/str.go:104.48,106.4 1 0
github.com/QuantumNous/new-api/service/str.go:108.2,109.14 2 0
github.com/QuantumNous/new-api/service/str.go:109.14,111.3 1 0
github.com/QuantumNous/new-api/service/str.go:112.2,112.59 1 0
github.com/QuantumNous/new-api/service/str.go:112.59,113.56 1 0
github.com/QuantumNous/new-api/service/str.go:113.56,115.4 1 0
github.com/QuantumNous/new-api/service/str.go:117.2,117.10 1 0
github.com/QuantumNous/new-api/service/str.go:120.40,123.28 2 0
github.com/QuantumNous/new-api/service/str.go:123.28,127.3 3 0
github.com/QuantumNous/new-api/service/str.go:129.2,129.14 1 0
github.com/QuantumNous/new-api/service/str.go:132.86,133.20 1 0
github.com/QuantumNous/new-api/service/str.go:133.20,135.3 1 0
github.com/QuantumNous/new-api/service/str.go:136.2,136.24 1 0
github.com/QuantumNous/new-api/service/str.go:136.24,138.3 1 0
github.com/QuantumNous/new-api/service/str.go:139.2,140.14 2 0
github.com/QuantumNous/new-api/service/str.go:140.14,142.3 1 0
github.com/QuantumNous/new-api/service/str.go:143.2,144.19 2 0
github.com/QuantumNous/new-api/service/str.go:144.19,146.28 2 0
github.com/QuantumNous/new-api/service/str.go:146.28,148.4 1 0
github.com/QuantumNous/new-api/service/str.go:149.3,149.21 1 0
github.com/QuantumNous/new-api/service/str.go:151.2,151.19 1 0
github.com/QuantumNous/new-api/service/subscription_reset_task.go:29.40,30.34 1 0
github.com/QuantumNous/new-api/service/subscription_reset_task.go:30.34,31.27 1 0
github.com/QuantumNous/new-api/service/subscription_reset_task.go:31.27,33.4 1 0
github.com/QuantumNous/new-api/service/subscription_reset_task.go:34.3,34.20 1 0
github.com/QuantumNous/new-api/service/subscription_reset_task.go:34.20,40.23 5 0
github.com/QuantumNous/new-api/service/subscription_reset_task.go:40.23,42.5 1 0
github.com/QuantumNous/new-api/service/subscription_reset_task.go:47.38,48.59 1 0
github.com/QuantumNous/new-api/service/subscription_reset_task.go:48.59,50.3 1 0
github.com/QuantumNous/new-api/service/subscription_reset_task.go:51.2,56.6 5 0
github.com/QuantumNous/new-api/service/subscription_reset_task.go:56.6,58.17 2 0
github.com/QuantumNous/new-api/service/subscription_reset_task.go:58.17,61.4 2 0
github.com/QuantumNous/new-api/service/subscription_reset_task.go:62.3,62.13 1 0
github.com/QuantumNous/new-api/service/subscription_reset_task.go:62.13,63.9 1 0
github.com/QuantumNous/new-api/service/subscription_reset_task.go:65.3,66.37 2 0
github.com/QuantumNous/new-api/service/subscription_reset_task.go:66.37,67.9 1 0
github.com/QuantumNous/new-api/service/subscription_reset_task.go:70.2,70.6 1 0
github.com/QuantumNous/new-api/service/subscription_reset_task.go:70.6,72.17 2 0
github.com/QuantumNous/new-api/service/subscription_reset_task.go:72.17,75.4 2 0
github.com/QuantumNous/new-api/service/subscription_reset_task.go:76.3,76.13 1 0
github.com/QuantumNous/new-api/service/subscription_reset_task.go:76.13,77.9 1 0
github.com/QuantumNous/new-api/service/subscription_reset_task.go:79.3,80.37 2 0
github.com/QuantumNous/new-api/service/subscription_reset_task.go:80.37,81.9 1 0
github.com/QuantumNous/new-api/service/subscription_reset_task.go:84.2,85.60 2 0
github.com/QuantumNous/new-api/service/subscription_reset_task.go:85.60,86.86 1 0
github.com/QuantumNous/new-api/service/subscription_reset_task.go:86.86,88.4 1 0
github.com/QuantumNous/new-api/service/subscription_reset_task.go:90.2,90.65 1 0
github.com/QuantumNous/new-api/service/subscription_reset_task.go:90.65,92.3 1 0
github.com/QuantumNous/new-api/service/supplier_pricing.go:8.45,10.2 1 0
github.com/QuantumNous/new-api/service/supplier_pricing.go:15.103,17.2 1 0
github.com/QuantumNous/new-api/service/supplier_pricing.go:23.98,24.20 1 0
github.com/QuantumNous/new-api/service/supplier_pricing.go:24.20,26.3 1 0
github.com/QuantumNous/new-api/service/supplier_pricing.go:27.2,27.67 1 0
github.com/QuantumNous/new-api/service/supplier_pricing.go:31.86,33.2 1 0
github.com/QuantumNous/new-api/service/supplier_pricing.go:37.66,39.31 2 0
github.com/QuantumNous/new-api/service/supplier_pricing.go:39.31,41.3 1 0
github.com/QuantumNous/new-api/service/supplier_pricing.go:42.2,42.33 1 0
github.com/QuantumNous/new-api/service/supplier_pricing.go:46.77,48.31 2 0
github.com/QuantumNous/new-api/service/supplier_pricing.go:48.31,50.3 1 0
github.com/QuantumNous/new-api/service/supplier_pricing.go:51.2,51.32 1 0
github.com/QuantumNous/new-api/service/supplier_pricing.go:57.72,59.32 2 0
github.com/QuantumNous/new-api/service/supplier_pricing.go:59.32,61.3 1 0
github.com/QuantumNous/new-api/service/supplier_pricing.go:62.2,62.23 1 0
github.com/QuantumNous/new-api/service/supplier_pricing.go:67.76,69.2 1 0
github.com/QuantumNous/new-api/service/supplier_stats.go:23.58,24.18 1 0
github.com/QuantumNous/new-api/service/supplier_stats.go:24.18,26.3 1 0
github.com/QuantumNous/new-api/service/supplier_stats.go:27.2,27.16 1 0
github.com/QuantumNous/new-api/service/supplier_stats.go:27.16,29.3 1 0
github.com/QuantumNous/new-api/service/supplier_stats.go:30.2,30.23 1 0
github.com/QuantumNous/new-api/service/supplier_stats.go:38.68,40.24 2 0
github.com/QuantumNous/new-api/service/supplier_stats.go:40.24,42.3 1 0
github.com/QuantumNous/new-api/service/supplier_stats.go:43.2,50.35 2 0
github.com/QuantumNous/new-api/service/supplier_stats.go:50.35,52.3 1 0
github.com/QuantumNous/new-api/service/supplier_stats.go:53.2,56.27 4 0
github.com/QuantumNous/new-api/service/supplier_stats.go:56.27,58.26 2 0
github.com/QuantumNous/new-api/service/supplier_stats.go:58.26,61.4 2 0
github.com/QuantumNous/new-api/service/supplier_stats.go:63.2,70.38 2 0
github.com/QuantumNous/new-api/service/supplier_stats.go:70.38,72.3 1 0
github.com/QuantumNous/new-api/service/supplier_stats.go:73.2,74.32 2 0
github.com/QuantumNous/new-api/service/supplier_stats.go:74.32,76.3 1 0
github.com/QuantumNous/new-api/service/supplier_stats.go:77.2,77.48 1 0
github.com/QuantumNous/new-api/service/supplier_stats.go:77.48,78.46 1 0
github.com/QuantumNous/new-api/service/supplier_stats.go:78.46,80.4 1 0
github.com/QuantumNous/new-api/service/supplier_stats.go:82.2,82.15 1 0
github.com/QuantumNous/new-api/service/supplier_stats.go:86.59,88.26 2 0
github.com/QuantumNous/new-api/service/supplier_stats.go:88.26,90.3 1 0
github.com/QuantumNous/new-api/service/supplier_stats.go:91.2,98.37 2 0
github.com/QuantumNous/new-api/service/supplier_stats.go:98.37,99.31 1 0
github.com/QuantumNous/new-api/service/supplier_stats.go:99.31,101.4 1 0
github.com/QuantumNous/new-api/service/supplier_stats.go:103.2,103.15 1 0
github.com/QuantumNous/new-api/service/supplier_stats.go:107.75,110.24 3 0
github.com/QuantumNous/new-api/service/supplier_stats.go:110.24,112.3 1 0
github.com/QuantumNous/new-api/service/supplier_stats.go:113.2,120.35 2 0
github.com/QuantumNous/new-api/service/supplier_stats.go:120.35,122.3 1 0
github.com/QuantumNous/new-api/service/supplier_stats.go:123.2,125.27 3 0
github.com/QuantumNous/new-api/service/supplier_stats.go:125.27,127.26 2 0
github.com/QuantumNous/new-api/service/supplier_stats.go:127.26,130.4 2 0
github.com/QuantumNous/new-api/service/supplier_stats.go:132.2,139.38 2 0
github.com/QuantumNous/new-api/service/supplier_stats.go:139.38,141.3 1 0
github.com/QuantumNous/new-api/service/supplier_stats.go:142.2,142.32 1 0
github.com/QuantumNous/new-api/service/supplier_stats.go:142.32,144.3 1 0
github.com/QuantumNous/new-api/service/supplier_stats.go:145.2,145.39 1 0
github.com/QuantumNous/new-api/service/supplier_stats.go:148.88,150.21 2 0
github.com/QuantumNous/new-api/service/supplier_stats.go:150.21,152.3 1 0
github.com/QuantumNous/new-api/service/supplier_stats.go:153.2,153.34 1 0
github.com/QuantumNous/new-api/service/supplier_stats.go:161.23,162.24 1 0
github.com/QuantumNous/new-api/service/supplier_stats.go:162.24,164.3 1 0
github.com/QuantumNous/new-api/service/supplier_stats.go:165.2,165.28 1 0
github.com/QuantumNous/new-api/service/supplier_stats.go:165.28,167.3 1 0
github.com/QuantumNous/new-api/service/supplier_stats.go:168.2,168.16 1 0
github.com/QuantumNous/new-api/service/supplier_stats.go:172.40,173.28 1 0
github.com/QuantumNous/new-api/service/supplier_stats.go:173.28,175.3 1 0
github.com/QuantumNous/new-api/service/supplier_stats.go:176.2,176.58 1 0
github.com/QuantumNous/new-api/service/supplier_stats.go:180.36,182.23 2 0
github.com/QuantumNous/new-api/service/supplier_stats.go:182.23,184.3 1 0
github.com/QuantumNous/new-api/service/supplier_stats.go:185.2,185.19 1 0
github.com/QuantumNous/new-api/service/supplier_stats.go:185.19,187.3 1 0
github.com/QuantumNous/new-api/service/supplier_stats.go:188.2,188.48 1 0
github.com/QuantumNous/new-api/service/supplier_stats.go:192.38,194.23 2 0
github.com/QuantumNous/new-api/service/supplier_stats.go:194.23,196.3 1 0
github.com/QuantumNous/new-api/service/supplier_stats.go:197.2,197.19 1 0
github.com/QuantumNous/new-api/service/supplier_stats.go:197.19,199.3 1 0
github.com/QuantumNous/new-api/service/supplier_stats.go:200.2,200.56 1 0
github.com/QuantumNous/new-api/service/supplier_stats.go:214.24,239.24 9 0
github.com/QuantumNous/new-api/service/supplier_stats.go:239.24,247.3 1 0
github.com/QuantumNous/new-api/service/supplier_stats.go:248.2,248.28 1 0
github.com/QuantumNous/new-api/service/supplier_stats.go:248.28,256.3 1 0
github.com/QuantumNous/new-api/service/supplier_stats.go:257.2,263.64 1 0
github.com/QuantumNous/new-api/service/supplier_stats.go:266.27,268.2 1 0
github.com/QuantumNous/new-api/service/supplier_stats.go:271.34,273.2 1 0
github.com/QuantumNous/new-api/service/supplier_stats.go:276.41,277.24 1 0
github.com/QuantumNous/new-api/service/supplier_stats.go:277.24,279.3 1 0
github.com/QuantumNous/new-api/service/supplier_stats.go:280.2,280.28 1 0
github.com/QuantumNous/new-api/service/supplier_stats.go:280.28,282.3 1 0
github.com/QuantumNous/new-api/service/supplier_stats.go:283.2,283.133 1 0
github.com/QuantumNous/new-api/service/supplier_stats.go:300.97,322.104 6 0
github.com/QuantumNous/new-api/service/supplier_stats.go:322.104,324.3 1 0
github.com/QuantumNous/new-api/service/supplier_stats.go:326.2,341.124 4 0
github.com/QuantumNous/new-api/service/supplier_stats.go:341.124,343.3 1 0
github.com/QuantumNous/new-api/service/supplier_stats.go:347.2,355.122 2 0
github.com/QuantumNous/new-api/service/supplier_stats.go:355.122,357.3 1 0
github.com/QuantumNous/new-api/service/supplier_stats.go:359.2,368.8 2 0
github.com/QuantumNous/new-api/service/supplier_stats.go:392.101,419.105 7 0
github.com/QuantumNous/new-api/service/supplier_stats.go:419.105,421.3 1 0
github.com/QuantumNous/new-api/service/supplier_stats.go:423.2,424.25 2 0
github.com/QuantumNous/new-api/service/supplier_stats.go:424.25,425.57 1 0
github.com/QuantumNous/new-api/service/supplier_stats.go:425.57,427.4 1 0
github.com/QuantumNous/new-api/service/supplier_stats.go:429.2,437.25 3 0
github.com/QuantumNous/new-api/service/supplier_stats.go:437.25,438.58 1 0
github.com/QuantumNous/new-api/service/supplier_stats.go:438.58,439.12 1 0
github.com/QuantumNous/new-api/service/supplier_stats.go:441.3,447.25 7 0
github.com/QuantumNous/new-api/service/supplier_stats.go:450.2,452.36 3 0
github.com/QuantumNous/new-api/service/supplier_stats.go:452.36,465.3 4 0
github.com/QuantumNous/new-api/service/supplier_stats.go:467.2,472.8 1 0
github.com/QuantumNous/new-api/service/supplier_stats.go:498.99,527.105 7 0
github.com/QuantumNous/new-api/service/supplier_stats.go:527.105,529.3 1 0
github.com/QuantumNous/new-api/service/supplier_stats.go:531.2,535.25 5 0
github.com/QuantumNous/new-api/service/supplier_stats.go:535.25,536.91 1 0
github.com/QuantumNous/new-api/service/supplier_stats.go:536.91,539.4 2 0
github.com/QuantumNous/new-api/service/supplier_stats.go:540.3,540.51 1 0
github.com/QuantumNous/new-api/service/supplier_stats.go:540.51,543.4 2 0
github.com/QuantumNous/new-api/service/supplier_stats.go:545.2,550.25 5 0
github.com/QuantumNous/new-api/service/supplier_stats.go:550.25,554.57 4 0
github.com/QuantumNous/new-api/service/supplier_stats.go:554.57,557.4 2 0
github.com/QuantumNous/new-api/service/supplier_stats.go:558.3,570.27 3 0
github.com/QuantumNous/new-api/service/supplier_stats.go:573.2,578.8 1 0
github.com/QuantumNous/new-api/service/supplier_stats.go:606.95,613.24 6 0
github.com/QuantumNous/new-api/service/supplier_stats.go:613.24,631.3 1 0
github.com/QuantumNous/new-api/service/supplier_stats.go:631.8,631.35 1 0
github.com/QuantumNous/new-api/service/supplier_stats.go:631.35,649.3 1 0
github.com/QuantumNous/new-api/service/supplier_stats.go:649.8,667.3 1 0
github.com/QuantumNous/new-api/service/supplier_stats.go:669.2,678.105 2 0
github.com/QuantumNous/new-api/service/supplier_stats.go:678.105,680.3 1 0
github.com/QuantumNous/new-api/service/supplier_stats.go:682.2,686.25 5 0
github.com/QuantumNous/new-api/service/supplier_stats.go:686.25,687.91 1 0
github.com/QuantumNous/new-api/service/supplier_stats.go:687.91,690.4 2 0
github.com/QuantumNous/new-api/service/supplier_stats.go:691.3,691.51 1 0
github.com/QuantumNous/new-api/service/supplier_stats.go:691.51,694.4 2 0
github.com/QuantumNous/new-api/service/supplier_stats.go:696.2,701.25 5 0
github.com/QuantumNous/new-api/service/supplier_stats.go:701.25,705.57 4 0
github.com/QuantumNous/new-api/service/supplier_stats.go:705.57,708.4 2 0
github.com/QuantumNous/new-api/service/supplier_stats.go:709.3,723.27 3 0
github.com/QuantumNous/new-api/service/supplier_stats.go:726.2,731.8 1 0
github.com/QuantumNous/new-api/service/supplier_stats.go:759.34,764.24 4 0
github.com/QuantumNous/new-api/service/supplier_stats.go:764.24,783.3 1 0
github.com/QuantumNous/new-api/service/supplier_stats.go:784.2,784.28 1 0
github.com/QuantumNous/new-api/service/supplier_stats.go:784.28,803.3 1 0
github.com/QuantumNous/new-api/service/supplier_stats.go:804.2,821.39 1 0
github.com/QuantumNous/new-api/service/supplier_stats.go:824.81,838.105 4 0
github.com/QuantumNous/new-api/service/supplier_stats.go:838.105,840.3 1 0
github.com/QuantumNous/new-api/service/supplier_stats.go:842.2,846.25 5 0
github.com/QuantumNous/new-api/service/supplier_stats.go:846.25,847.52 1 0
github.com/QuantumNous/new-api/service/supplier_stats.go:847.52,850.4 2 0
github.com/QuantumNous/new-api/service/supplier_stats.go:851.3,851.92 1 0
github.com/QuantumNous/new-api/service/supplier_stats.go:851.92,854.4 2 0
github.com/QuantumNous/new-api/service/supplier_stats.go:856.2,861.25 5 0
github.com/QuantumNous/new-api/service/supplier_stats.go:861.25,864.57 3 0
github.com/QuantumNous/new-api/service/supplier_stats.go:864.57,866.4 1 0
github.com/QuantumNous/new-api/service/supplier_stats.go:867.3,868.29 2 0
github.com/QuantumNous/new-api/service/supplier_stats.go:868.29,870.4 1 0
github.com/QuantumNous/new-api/service/supplier_stats.go:871.3,885.27 3 0
github.com/QuantumNous/new-api/service/supplier_stats.go:888.2,893.8 1 0
github.com/QuantumNous/new-api/service/task.go:9.87,11.2 1 0
github.com/QuantumNous/new-api/service/task_billing.go:19.70,23.77 3 0
github.com/QuantumNous/new-api/service/task_billing.go:23.77,25.3 1 0
github.com/QuantumNous/new-api/service/task_billing.go:25.8,26.42 1 0
github.com/QuantumNous/new-api/service/task_billing.go:26.42,28.52 2 0
github.com/QuantumNous/new-api/service/task_billing.go:28.52,29.18 1 0
github.com/QuantumNous/new-api/service/task_billing.go:29.18,31.6 1 0
github.com/QuantumNous/new-api/service/task_billing.go:33.4,33.25 1 0
github.com/QuantumNous/new-api/service/task_billing.go:33.25,35.5 1 0
github.com/QuantumNous/new-api/service/task_billing.go:38.2,42.35 5 0
github.com/QuantumNous/new-api/service/task_billing.go:42.35,44.3 1 0
github.com/QuantumNous/new-api/service/task_billing.go:45.2,46.51 2 0
github.com/QuantumNous/new-api/service/task_billing.go:46.51,48.3 1 0
github.com/QuantumNous/new-api/service/task_billing.go:49.2,49.24 1 0
github.com/QuantumNous/new-api/service/task_billing.go:49.24,52.3 2 0
github.com/QuantumNous/new-api/service/task_billing.go:53.2,64.68 3 0
github.com/QuantumNous/new-api/service/task_billing.go:68.76,73.35 5 0
github.com/QuantumNous/new-api/service/task_billing.go:73.35,75.3 1 0
github.com/QuantumNous/new-api/service/task_billing.go:76.2,77.51 2 0
github.com/QuantumNous/new-api/service/task_billing.go:77.51,79.3 1 0
github.com/QuantumNous/new-api/service/task_billing.go:80.2,80.24 1 0
github.com/QuantumNous/new-api/service/task_billing.go:80.24,83.3 2 0
github.com/QuantumNous/new-api/service/task_billing.go:85.2,86.33 2 0
github.com/QuantumNous/new-api/service/task_billing.go:86.33,88.39 2 0
github.com/QuantumNous/new-api/service/task_billing.go:88.39,90.4 1 0
github.com/QuantumNous/new-api/service/task_billing.go:91.3,91.42 1 0
github.com/QuantumNous/new-api/service/task_billing.go:91.42,93.4 1 0
github.com/QuantumNous/new-api/service/task_billing.go:96.2,96.32 1 0
github.com/QuantumNous/new-api/service/task_billing.go:96.32,98.39 2 0
github.com/QuantumNous/new-api/service/task_billing.go:98.39,100.4 1 0
github.com/QuantumNous/new-api/service/task_billing.go:101.3,101.37 1 0
github.com/QuantumNous/new-api/service/task_billing.go:101.37,103.4 1 0
github.com/QuantumNous/new-api/service/task_billing.go:104.3,104.40 1 0
github.com/QuantumNous/new-api/service/task_billing.go:104.40,106.4 1 0
github.com/QuantumNous/new-api/service/task_billing.go:108.2,108.14 1 0
github.com/QuantumNous/new-api/service/task_billing.go:117.78,119.16 2 0
github.com/QuantumNous/new-api/service/task_billing.go:119.16,122.3 2 0
github.com/QuantumNous/new-api/service/task_billing.go:123.2,123.18 1 0
github.com/QuantumNous/new-api/service/task_billing.go:127.48,129.2 1 0
github.com/QuantumNous/new-api/service/task_billing.go:132.59,133.30 1 0
github.com/QuantumNous/new-api/service/task_billing.go:133.30,135.3 1 0
github.com/QuantumNous/new-api/service/task_billing.go:136.2,136.15 1 0
github.com/QuantumNous/new-api/service/task_billing.go:136.15,138.3 1 0
github.com/QuantumNous/new-api/service/task_billing.go:139.2,139.60 1 0
github.com/QuantumNous/new-api/service/task_billing.go:144.77,145.49 1 0
github.com/QuantumNous/new-api/service/task_billing.go:145.49,147.3 1 0
github.com/QuantumNous/new-api/service/task_billing.go:148.2,149.20 2 0
github.com/QuantumNous/new-api/service/task_billing.go:149.20,151.3 1 0
github.com/QuantumNous/new-api/service/task_billing.go:152.2,153.15 2 0
github.com/QuantumNous/new-api/service/task_billing.go:153.15,155.3 1 0
github.com/QuantumNous/new-api/service/task_billing.go:155.8,157.3 1 0
github.com/QuantumNous/new-api/service/task_billing.go:158.2,158.16 1 0
github.com/QuantumNous/new-api/service/task_billing.go:158.16,160.3 1 0
github.com/QuantumNous/new-api/service/task_billing.go:164.64,166.54 2 0
github.com/QuantumNous/new-api/service/task_billing.go:166.54,168.24 2 0
github.com/QuantumNous/new-api/service/task_billing.go:168.24,170.4 1 0
github.com/QuantumNous/new-api/service/task_billing.go:171.3,173.42 3 0
github.com/QuantumNous/new-api/service/task_billing.go:173.42,175.4 1 0
github.com/QuantumNous/new-api/service/task_billing.go:176.3,176.30 1 0
github.com/QuantumNous/new-api/service/task_billing.go:176.30,177.37 1 0
github.com/QuantumNous/new-api/service/task_billing.go:177.37,179.5 1 0
github.com/QuantumNous/new-api/service/task_billing.go:182.2,183.87 2 0
github.com/QuantumNous/new-api/service/task_billing.go:183.87,186.3 2 0
github.com/QuantumNous/new-api/service/task_billing.go:187.2,187.14 1 0
github.com/QuantumNous/new-api/service/task_billing.go:191.45,192.82 1 0
github.com/QuantumNous/new-api/service/task_billing.go:192.82,194.3 1 0
github.com/QuantumNous/new-api/service/task_billing.go:195.2,195.40 1 0
github.com/QuantumNous/new-api/service/task_billing.go:200.76,202.16 2 0
github.com/QuantumNous/new-api/service/task_billing.go:202.16,204.3 1 0
github.com/QuantumNous/new-api/service/task_billing.go:207.2,207.56 1 0
github.com/QuantumNous/new-api/service/task_billing.go:207.56,210.3 2 0
github.com/QuantumNous/new-api/service/task_billing.go:213.2,229.4 5 0
github.com/QuantumNous/new-api/service/task_billing.go:235.98,236.22 1 0
github.com/QuantumNous/new-api/service/task_billing.go:236.22,238.3 1 0
github.com/QuantumNous/new-api/service/task_billing.go:239.2,242.21 3 0
github.com/QuantumNous/new-api/service/task_billing.go:242.21,246.3 2 0
github.com/QuantumNous/new-api/service/task_billing.go:248.2,257.60 2 0
github.com/QuantumNous/new-api/service/task_billing.go:257.60,260.3 2 0
github.com/QuantumNous/new-api/service/task_billing.go:263.2,269.20 5 0
github.com/QuantumNous/new-api/service/task_billing.go:269.20,274.3 4 0
github.com/QuantumNous/new-api/service/task_billing.go:274.8,277.3 2 0
github.com/QuantumNous/new-api/service/task_billing.go:278.2,292.4 5 0
github.com/QuantumNous/new-api/service/task_billing.go:298.91,299.22 1 0
github.com/QuantumNous/new-api/service/task_billing.go:299.22,301.3 1 0
github.com/QuantumNous/new-api/service/task_billing.go:303.2,308.41 3 0
github.com/QuantumNous/new-api/service/task_billing.go:308.41,310.3 1 0
github.com/QuantumNous/new-api/service/task_billing.go:313.2,314.17 2 0
github.com/QuantumNous/new-api/service/task_billing.go:314.17,316.17 2 0
github.com/QuantumNous/new-api/service/task_billing.go:316.17,318.4 1 0
github.com/QuantumNous/new-api/service/task_billing.go:320.2,320.17 1 0
github.com/QuantumNous/new-api/service/task_billing.go:320.17,322.3 1 0
github.com/QuantumNous/new-api/service/task_billing.go:324.2,328.23 4 0
github.com/QuantumNous/new-api/service/task_billing.go:328.23,330.3 1 0
github.com/QuantumNous/new-api/service/task_billing.go:330.8,332.3 1 0
github.com/QuantumNous/new-api/service/task_billing.go:335.2,336.54 2 0
github.com/QuantumNous/new-api/service/task_billing.go:336.54,337.36 1 0
github.com/QuantumNous/new-api/service/task_billing.go:337.36,338.25 1 0
github.com/QuantumNous/new-api/service/task_billing.go:338.25,340.5 1 0
github.com/QuantumNous/new-api/service/task_billing.go:345.2,348.54 3 0
github.com/QuantumNous/new-api/service/task_polling.go:41.46,42.38 1 0
github.com/QuantumNous/new-api/service/task_polling.go:42.38,44.3 1 0
github.com/QuantumNous/new-api/service/task_polling.go:45.2,47.21 3 0
github.com/QuantumNous/new-api/service/task_polling.go:47.21,49.3 1 0
github.com/QuantumNous/new-api/service/task_polling.go:51.2,57.29 6 0
github.com/QuantumNous/new-api/service/task_polling.go:57.29,64.15 6 0
github.com/QuantumNous/new-api/service/task_polling.go:64.15,66.4 1 0
github.com/QuantumNous/new-api/service/task_polling.go:66.9,68.4 1 0
github.com/QuantumNous/new-api/service/task_polling.go:70.3,71.17 2 0
github.com/QuantumNous/new-api/service/task_polling.go:71.17,73.12 2 0
github.com/QuantumNous/new-api/service/task_polling.go:75.3,75.11 1 0
github.com/QuantumNous/new-api/service/task_polling.go:75.11,77.12 2 0
github.com/QuantumNous/new-api/service/task_polling.go:79.3,80.35 2 0
github.com/QuantumNous/new-api/service/task_polling.go:80.35,82.4 1 0
github.com/QuantumNous/new-api/service/task_polling.go:85.2,85.23 1 0
github.com/QuantumNous/new-api/service/task_polling.go:85.23,87.3 1 0
github.com/QuantumNous/new-api/service/task_polling.go:91.24,92.6 1 0
github.com/QuantumNous/new-api/service/task_polling.go:92.6,99.30 7 0
github.com/QuantumNous/new-api/service/task_polling.go:99.30,101.4 1 0
github.com/QuantumNous/new-api/service/task_polling.go:102.3,102.45 1 0
github.com/QuantumNous/new-api/service/task_polling.go:102.45,103.23 1 0
github.com/QuantumNous/new-api/service/task_polling.go:103.23,104.13 1 0
github.com/QuantumNous/new-api/service/task_polling.go:106.4,109.31 4 0
github.com/QuantumNous/new-api/service/task_polling.go:109.31,111.25 2 0
github.com/QuantumNous/new-api/service/task_polling.go:111.25,114.14 2 0
github.com/QuantumNous/new-api/service/task_polling.go:116.5,117.84 2 0
github.com/QuantumNous/new-api/service/task_polling.go:119.4,119.28 1 0
github.com/QuantumNous/new-api/service/task_polling.go:119.28,124.19 2 0
github.com/QuantumNous/new-api/service/task_polling.go:124.19,126.6 1 0
github.com/QuantumNous/new-api/service/task_polling.go:126.11,128.6 1 0
github.com/QuantumNous/new-api/service/task_polling.go:130.4,130.30 1 0
github.com/QuantumNous/new-api/service/task_polling.go:130.30,131.13 1 0
github.com/QuantumNous/new-api/service/task_polling.go:134.4,134.57 1 0
github.com/QuantumNous/new-api/service/task_polling.go:136.3,136.44 1 0
github.com/QuantumNous/new-api/service/task_polling.go:141.122,142.18 1 0
github.com/QuantumNous/new-api/service/task_polling.go:143.39,143.39 0 0
github.com/QuantumNous/new-api/service/task_polling.go:145.33,146.65 1 0
github.com/QuantumNous/new-api/service/task_polling.go:147.10,148.95 1 0
github.com/QuantumNous/new-api/service/task_polling.go:148.95,150.4 1 0
github.com/QuantumNous/new-api/service/task_polling.go:155.110,156.47 1 0
github.com/QuantumNous/new-api/service/task_polling.go:156.47,158.17 2 0
github.com/QuantumNous/new-api/service/task_polling.go:158.17,160.4 1 0
github.com/QuantumNous/new-api/service/task_polling.go:162.2,162.12 1 0
github.com/QuantumNous/new-api/service/task_polling.go:165.112,167.23 2 0
github.com/QuantumNous/new-api/service/task_polling.go:167.23,169.3 1 0
github.com/QuantumNous/new-api/service/task_polling.go:170.2,171.16 2 0
github.com/QuantumNous/new-api/service/task_polling.go:171.16,175.38 3 0
github.com/QuantumNous/new-api/service/task_polling.go:175.38,176.38 1 0
github.com/QuantumNous/new-api/service/task_polling.go:176.38,178.5 1 0
github.com/QuantumNous/new-api/service/task_polling.go:180.3,185.17 2 0
github.com/QuantumNous/new-api/service/task_polling.go:185.17,187.4 1 0
github.com/QuantumNous/new-api/service/task_polling.go:188.3,188.13 1 0
github.com/QuantumNous/new-api/service/task_polling.go:190.2,191.20 2 0
github.com/QuantumNous/new-api/service/task_polling.go:191.20,193.3 1 0
github.com/QuantumNous/new-api/service/task_polling.go:194.2,198.16 3 0
github.com/QuantumNous/new-api/service/task_polling.go:198.16,201.3 2 0
github.com/QuantumNous/new-api/service/task_polling.go:202.2,202.38 1 0
github.com/QuantumNous/new-api/service/task_polling.go:202.38,205.3 2 0
github.com/QuantumNous/new-api/service/task_polling.go:206.2,208.16 3 0
github.com/QuantumNous/new-api/service/task_polling.go:208.16,211.3 2 0
github.com/QuantumNous/new-api/service/task_polling.go:212.2,214.16 3 0
github.com/QuantumNous/new-api/service/task_polling.go:214.16,217.3 2 0
github.com/QuantumNous/new-api/service/task_polling.go:218.2,218.32 1 0
github.com/QuantumNous/new-api/service/task_polling.go:218.32,221.3 2 0
github.com/QuantumNous/new-api/service/task_polling.go:223.2,223.50 1 0
github.com/QuantumNous/new-api/service/task_polling.go:223.50,225.43 2 0
github.com/QuantumNous/new-api/service/task_polling.go:225.43,226.12 1 0
github.com/QuantumNous/new-api/service/task_polling.go:229.3,234.78 6 0
github.com/QuantumNous/new-api/service/task_polling.go:234.78,238.4 3 0
github.com/QuantumNous/new-api/service/task_polling.go:239.3,239.53 1 0
github.com/QuantumNous/new-api/service/task_polling.go:239.53,241.4 1 0
github.com/QuantumNous/new-api/service/task_polling.go:242.3,245.17 3 0
github.com/QuantumNous/new-api/service/task_polling.go:245.17,247.4 1 0
github.com/QuantumNous/new-api/service/task_polling.go:249.2,249.12 1 0
github.com/QuantumNous/new-api/service/task_polling.go:253.78,254.46 1 0
github.com/QuantumNous/new-api/service/task_polling.go:254.46,256.3 1 0
github.com/QuantumNous/new-api/service/task_polling.go:257.2,257.44 1 0
github.com/QuantumNous/new-api/service/task_polling.go:257.44,259.3 1 0
github.com/QuantumNous/new-api/service/task_polling.go:260.2,260.46 1 0
github.com/QuantumNous/new-api/service/task_polling.go:260.46,262.3 1 0
github.com/QuantumNous/new-api/service/task_polling.go:263.2,263.46 1 0
github.com/QuantumNous/new-api/service/task_polling.go:263.46,265.3 1 0
github.com/QuantumNous/new-api/service/task_polling.go:266.2,266.46 1 0
github.com/QuantumNous/new-api/service/task_polling.go:266.46,268.3 1 0
github.com/QuantumNous/new-api/service/task_polling.go:270.2,270.124 1 0
github.com/QuantumNous/new-api/service/task_polling.go:270.124,272.3 1 0
github.com/QuantumNous/new-api/service/task_polling.go:274.2,277.42 3 0
github.com/QuantumNous/new-api/service/task_polling.go:277.42,279.3 1 0
github.com/QuantumNous/new-api/service/task_polling.go:280.2,280.42 1 0
github.com/QuantumNous/new-api/service/task_polling.go:280.42,282.3 1 0
github.com/QuantumNous/new-api/service/task_polling.go:284.2,284.40 1 0
github.com/QuantumNous/new-api/service/task_polling.go:284.40,286.3 1 0
github.com/QuantumNous/new-api/service/task_polling.go:287.2,287.14 1 0
github.com/QuantumNous/new-api/service/task_polling.go:291.143,292.47 1 0
github.com/QuantumNous/new-api/service/task_polling.go:292.47,293.84 1 0
github.com/QuantumNous/new-api/service/task_polling.go:293.84,295.4 1 0
github.com/QuantumNous/new-api/service/task_polling.go:297.2,297.12 1 0
github.com/QuantumNous/new-api/service/task_polling.go:300.145,302.23 2 0
github.com/QuantumNous/new-api/service/task_polling.go:302.23,304.3 1 0
github.com/QuantumNous/new-api/service/task_polling.go:305.2,306.16 2 0
github.com/QuantumNous/new-api/service/task_polling.go:306.16,309.38 2 0
github.com/QuantumNous/new-api/service/task_polling.go:309.38,310.38 1 0
github.com/QuantumNous/new-api/service/task_polling.go:310.38,312.5 1 0
github.com/QuantumNous/new-api/service/task_polling.go:314.3,319.23 2 0
github.com/QuantumNous/new-api/service/task_polling.go:319.23,321.4 1 0
github.com/QuantumNous/new-api/service/task_polling.go:322.3,322.55 1 0
github.com/QuantumNous/new-api/service/task_polling.go:324.2,325.20 2 0
github.com/QuantumNous/new-api/service/task_polling.go:325.20,327.3 1 0
github.com/QuantumNous/new-api/service/task_polling.go:328.2,334.33 5 0
github.com/QuantumNous/new-api/service/task_polling.go:334.33,335.93 1 0
github.com/QuantumNous/new-api/service/task_polling.go:335.93,337.4 1 0
github.com/QuantumNous/new-api/service/task_polling.go:339.3,339.30 1 0
github.com/QuantumNous/new-api/service/task_polling.go:341.2,341.12 1 0
github.com/QuantumNous/new-api/service/task_polling.go:344.147,346.27 2 0
github.com/QuantumNous/new-api/service/task_polling.go:346.27,348.3 1 0
github.com/QuantumNous/new-api/service/task_polling.go:349.2,352.17 3 0
github.com/QuantumNous/new-api/service/task_polling.go:352.17,355.3 2 0
github.com/QuantumNous/new-api/service/task_polling.go:356.2,359.27 3 0
github.com/QuantumNous/new-api/service/task_polling.go:359.27,361.3 1 0
github.com/QuantumNous/new-api/service/task_polling.go:362.2,366.16 2 0
github.com/QuantumNous/new-api/service/task_polling.go:366.16,368.3 1 0
github.com/QuantumNous/new-api/service/task_polling.go:369.2,371.16 3 0
github.com/QuantumNous/new-api/service/task_polling.go:371.16,373.3 1 0
github.com/QuantumNous/new-api/service/task_polling.go:375.2,382.99 5 0
github.com/QuantumNous/new-api/service/task_polling.go:382.99,391.3 8 0
github.com/QuantumNous/new-api/service/task_polling.go:391.8,391.80 1 0
github.com/QuantumNous/new-api/service/task_polling.go:391.80,393.3 1 0
github.com/QuantumNous/new-api/service/task_polling.go:395.2,400.29 4 0
github.com/QuantumNous/new-api/service/task_polling.go:400.29,403.69 2 0
github.com/QuantumNous/new-api/service/task_polling.go:403.69,405.26 2 0
github.com/QuantumNous/new-api/service/task_polling.go:405.26,407.34 1 0
github.com/QuantumNous/new-api/service/task_polling.go:407.34,410.6 1 0
github.com/QuantumNous/new-api/service/task_polling.go:413.5,413.69 1 0
github.com/QuantumNous/new-api/service/task_polling.go:414.10,418.5 2 0
github.com/QuantumNous/new-api/service/task_polling.go:422.2,427.27 5 0
github.com/QuantumNous/new-api/service/task_polling.go:428.33,429.47 1 0
github.com/QuantumNous/new-api/service/task_polling.go:430.30,431.44 1 0
github.com/QuantumNous/new-api/service/task_polling.go:432.34,434.26 2 0
github.com/QuantumNous/new-api/service/task_polling.go:434.26,436.4 1 0
github.com/QuantumNous/new-api/service/task_polling.go:437.31,439.27 2 0
github.com/QuantumNous/new-api/service/task_polling.go:439.27,441.4 1 0
github.com/QuantumNous/new-api/service/task_polling.go:442.3,442.49 1 0
github.com/QuantumNous/new-api/service/task_polling.go:442.49,445.4 1 0
github.com/QuantumNous/new-api/service/task_polling.go:445.9,445.34 1 0
github.com/QuantumNous/new-api/service/task_polling.go:445.34,448.4 1 0
github.com/QuantumNous/new-api/service/task_polling.go:448.9,451.4 1 0
github.com/QuantumNous/new-api/service/task_polling.go:452.3,452.22 1 0
github.com/QuantumNous/new-api/service/task_polling.go:453.31,457.27 4 0
github.com/QuantumNous/new-api/service/task_polling.go:457.27,459.4 1 0
github.com/QuantumNous/new-api/service/task_polling.go:460.3,463.17 4 0
github.com/QuantumNous/new-api/service/task_polling.go:463.17,465.4 1 0
github.com/QuantumNous/new-api/service/task_polling.go:466.10,467.90 1 0
github.com/QuantumNous/new-api/service/task_polling.go:469.2,469.31 1 0
github.com/QuantumNous/new-api/service/task_polling.go:469.31,471.3 1 0
github.com/QuantumNous/new-api/service/task_polling.go:473.2,474.42 2 0
github.com/QuantumNous/new-api/service/task_polling.go:474.42,476.17 2 0
github.com/QuantumNous/new-api/service/task_polling.go:476.17,480.4 3 0
github.com/QuantumNous/new-api/service/task_polling.go:480.9,480.18 1 0
github.com/QuantumNous/new-api/service/task_polling.go:480.18,484.4 3 0
github.com/QuantumNous/new-api/service/task_polling.go:485.8,485.41 1 0
github.com/QuantumNous/new-api/service/task_polling.go:485.41,486.63 1 0
github.com/QuantumNous/new-api/service/task_polling.go:486.63,488.4 1 0
github.com/QuantumNous/new-api/service/task_polling.go:489.8,492.3 1 0
github.com/QuantumNous/new-api/service/task_polling.go:494.2,494.18 1 0
github.com/QuantumNous/new-api/service/task_polling.go:494.18,496.3 1 0
github.com/QuantumNous/new-api/service/task_polling.go:497.2,497.18 1 0
github.com/QuantumNous/new-api/service/task_polling.go:497.18,499.3 1 0
github.com/QuantumNous/new-api/service/task_polling.go:501.2,501.12 1 0
github.com/QuantumNous/new-api/service/task_polling.go:504.50,506.51 2 0
github.com/QuantumNous/new-api/service/task_polling.go:506.51,508.3 1 0
github.com/QuantumNous/new-api/service/task_polling.go:509.2,510.17 2 0
github.com/QuantumNous/new-api/service/task_polling.go:510.17,512.42 2 0
github.com/QuantumNous/new-api/service/task_polling.go:512.42,514.4 1 0
github.com/QuantumNous/new-api/service/task_polling.go:515.3,515.43 1 0
github.com/QuantumNous/new-api/service/task_polling.go:515.43,516.22 1 0
github.com/QuantumNous/new-api/service/task_polling.go:516.22,517.45 1 0
github.com/QuantumNous/new-api/service/task_polling.go:517.45,519.6 1 0
github.com/QuantumNous/new-api/service/task_polling.go:523.2,524.16 2 0
github.com/QuantumNous/new-api/service/task_polling.go:524.16,526.3 1 0
github.com/QuantumNous/new-api/service/task_polling.go:527.2,527.10 1 0
github.com/QuantumNous/new-api/service/task_polling.go:530.38,532.23 2 0
github.com/QuantumNous/new-api/service/task_polling.go:532.23,534.3 1 0
github.com/QuantumNous/new-api/service/task_polling.go:535.2,535.28 1 0
github.com/QuantumNous/new-api/service/task_polling.go:543.135,545.75 1 0
github.com/QuantumNous/new-api/service/task_polling.go:545.75,548.3 2 0
github.com/QuantumNous/new-api/service/task_polling.go:550.2,550.87 1 0
github.com/QuantumNous/new-api/service/task_polling.go:550.87,553.3 2 0
github.com/QuantumNous/new-api/service/task_polling.go:555.2,555.32 1 0
github.com/QuantumNous/new-api/service/task_polling.go:555.32,558.3 2 0
github.com/QuantumNous/new-api/service/text_quota.go:61.58,62.76 1 0
github.com/QuantumNous/new-api/service/text_quota.go:62.76,64.58 2 0
github.com/QuantumNous/new-api/service/text_quota.go:64.58,66.4 1 0
github.com/QuantumNous/new-api/service/text_quota.go:67.3,67.31 1 0
github.com/QuantumNous/new-api/service/text_quota.go:69.2,69.36 1 0
github.com/QuantumNous/new-api/service/text_quota.go:72.96,73.38 1 0
github.com/QuantumNous/new-api/service/text_quota.go:73.38,75.3 1 0
github.com/QuantumNous/new-api/service/text_quota.go:76.2,76.71 1 0
github.com/QuantumNous/new-api/service/text_quota.go:76.71,78.3 1 0
github.com/QuantumNous/new-api/service/text_quota.go:79.2,79.58 1 0
github.com/QuantumNous/new-api/service/text_quota.go:79.58,81.3 1 0
github.com/QuantumNous/new-api/service/text_quota.go:82.2,82.87 1 0
github.com/QuantumNous/new-api/service/text_quota.go:85.136,90.41 3 0
github.com/QuantumNous/new-api/service/text_quota.go:90.41,91.145 1 0
github.com/QuantumNous/new-api/service/text_quota.go:91.145,98.4 3 0
github.com/QuantumNous/new-api/service/text_quota.go:99.8,99.67 1 0
github.com/QuantumNous/new-api/service/text_quota.go:99.67,105.3 3 0
github.com/QuantumNous/new-api/service/text_quota.go:107.2,108.42 2 0
github.com/QuantumNous/new-api/service/text_quota.go:108.42,114.3 2 0
github.com/QuantumNous/new-api/service/text_quota.go:116.2,116.41 1 0
github.com/QuantumNous/new-api/service/text_quota.go:116.41,117.141 1 0
github.com/QuantumNous/new-api/service/text_quota.go:117.141,124.4 3 0
github.com/QuantumNous/new-api/service/text_quota.go:127.2,127.42 1 0
github.com/QuantumNous/new-api/service/text_quota.go:127.42,131.3 2 0
github.com/QuantumNous/new-api/service/text_quota.go:133.2,133.18 1 0
github.com/QuantumNous/new-api/service/text_quota.go:138.132,141.2 2 0
github.com/QuantumNous/new-api/service/text_quota.go:143.150,144.45 1 0
github.com/QuantumNous/new-api/service/text_quota.go:144.45,146.3 1 0
github.com/QuantumNous/new-api/service/text_quota.go:148.2,148.25 1 0
github.com/QuantumNous/new-api/service/text_quota.go:148.25,149.59 1 0
github.com/QuantumNous/new-api/service/text_quota.go:149.59,155.4 1 0
github.com/QuantumNous/new-api/service/text_quota.go:158.2,158.77 1 0
github.com/QuantumNous/new-api/service/text_quota.go:161.119,179.18 3 0
github.com/QuantumNous/new-api/service/text_quota.go:179.18,185.3 1 0
github.com/QuantumNous/new-api/service/text_quota.go:187.2,201.31 12 0
github.com/QuantumNous/new-api/service/text_quota.go:201.31,204.131 3 0
github.com/QuantumNous/new-api/service/text_quota.go:204.131,206.89 2 0
github.com/QuantumNous/new-api/service/text_quota.go:206.89,208.5 1 0
github.com/QuantumNous/new-api/service/text_quota.go:210.3,210.54 1 0
github.com/QuantumNous/new-api/service/text_quota.go:213.2,235.35 21 0
github.com/QuantumNous/new-api/service/text_quota.go:235.35,239.29 3 0
github.com/QuantumNous/new-api/service/text_quota.go:239.29,240.62 1 0
github.com/QuantumNous/new-api/service/text_quota.go:240.62,242.5 1 0
github.com/QuantumNous/new-api/service/text_quota.go:243.4,243.57 1 0
github.com/QuantumNous/new-api/service/text_quota.go:246.3,248.69 3 0
github.com/QuantumNous/new-api/service/text_quota.go:248.69,249.62 1 0
github.com/QuantumNous/new-api/service/text_quota.go:249.62,252.5 2 0
github.com/QuantumNous/new-api/service/text_quota.go:252.10,254.22 2 0
github.com/QuantumNous/new-api/service/text_quota.go:254.22,256.6 1 0
github.com/QuantumNous/new-api/service/text_quota.go:257.5,259.155 3 0
github.com/QuantumNous/new-api/service/text_quota.go:263.3,264.29 2 0
github.com/QuantumNous/new-api/service/text_quota.go:264.29,267.4 2 0
github.com/QuantumNous/new-api/service/text_quota.go:269.3,269.29 1 0
github.com/QuantumNous/new-api/service/text_quota.go:269.29,271.35 2 0
github.com/QuantumNous/new-api/service/text_quota.go:271.35,275.5 2 0
github.com/QuantumNous/new-api/service/text_quota.go:278.3,284.47 4 0
github.com/QuantumNous/new-api/service/text_quota.go:284.47,285.63 1 0
github.com/QuantumNous/new-api/service/text_quota.go:285.63,287.5 1 0
github.com/QuantumNous/new-api/service/text_quota.go:289.3,293.77 3 0
github.com/QuantumNous/new-api/service/text_quota.go:293.77,295.4 1 0
github.com/QuantumNous/new-api/service/text_quota.go:296.3,296.64 1 0
github.com/QuantumNous/new-api/service/text_quota.go:297.8,300.47 2 0
github.com/QuantumNous/new-api/service/text_quota.go:300.47,301.63 1 0
github.com/QuantumNous/new-api/service/text_quota.go:301.63,303.5 1 0
github.com/QuantumNous/new-api/service/text_quota.go:305.3,308.64 3 0
github.com/QuantumNous/new-api/service/text_quota.go:311.2,311.30 1 0
github.com/QuantumNous/new-api/service/text_quota.go:311.30,313.3 1 0
github.com/QuantumNous/new-api/service/text_quota.go:313.8,313.50 1 0
github.com/QuantumNous/new-api/service/text_quota.go:313.50,315.3 1 0
github.com/QuantumNous/new-api/service/text_quota.go:317.2,317.16 1 0
github.com/QuantumNous/new-api/service/text_quota.go:320.88,321.47 1 0
github.com/QuantumNous/new-api/service/text_quota.go:321.47,323.3 1 0
github.com/QuantumNous/new-api/service/text_quota.go:324.2,324.91 1 0
github.com/QuantumNous/new-api/service/text_quota.go:324.91,326.3 1 0
github.com/QuantumNous/new-api/service/text_quota.go:327.2,327.17 1 0
github.com/QuantumNous/new-api/service/text_quota.go:330.120,332.18 2 0
github.com/QuantumNous/new-api/service/text_quota.go:332.18,334.3 1 0
github.com/QuantumNous/new-api/service/text_quota.go:335.2,335.24 1 0
github.com/QuantumNous/new-api/service/text_quota.go:335.24,337.3 1 0
github.com/QuantumNous/new-api/service/text_quota.go:339.2,344.24 5 0
github.com/QuantumNous/new-api/service/text_quota.go:344.24,346.59 2 0
github.com/QuantumNous/new-api/service/text_quota.go:346.59,348.4 1 0
github.com/QuantumNous/new-api/service/text_quota.go:349.3,350.15 2 0
github.com/QuantumNous/new-api/service/text_quota.go:350.15,357.4 5 0
github.com/QuantumNous/new-api/service/text_quota.go:360.2,360.36 1 0
github.com/QuantumNous/new-api/service/text_quota.go:360.36,362.3 1 0
github.com/QuantumNous/new-api/service/text_quota.go:363.2,363.42 1 0
github.com/QuantumNous/new-api/service/text_quota.go:363.42,365.3 1 0
github.com/QuantumNous/new-api/service/text_quota.go:366.2,366.37 1 0
github.com/QuantumNous/new-api/service/text_quota.go:366.37,368.3 1 0
github.com/QuantumNous/new-api/service/text_quota.go:369.2,369.60 1 0
github.com/QuantumNous/new-api/service/text_quota.go:369.60,371.3 1 0
github.com/QuantumNous/new-api/service/text_quota.go:372.2,372.42 1 0
github.com/QuantumNous/new-api/service/text_quota.go:372.42,374.3 1 0
github.com/QuantumNous/new-api/service/text_quota.go:376.2,376.30 1 0
github.com/QuantumNous/new-api/service/text_quota.go:376.30,379.3 2 0
github.com/QuantumNous/new-api/service/text_quota.go:379.8,382.3 2 0
github.com/QuantumNous/new-api/service/text_quota.go:384.2,384.69 1 0
github.com/QuantumNous/new-api/service/text_quota.go:384.69,386.3 1 0
github.com/QuantumNous/new-api/service/text_quota.go:388.2,389.48 2 0
github.com/QuantumNous/new-api/service/text_quota.go:389.48,392.3 2 0
github.com/QuantumNous/new-api/service/text_quota.go:393.2,393.49 1 0
github.com/QuantumNous/new-api/service/text_quota.go:393.49,396.3 2 0
github.com/QuantumNous/new-api/service/text_quota.go:398.2,400.35 3 0
github.com/QuantumNous/new-api/service/text_quota.go:400.35,409.3 2 0
github.com/QuantumNous/new-api/service/text_quota.go:409.8,411.3 1 0
github.com/QuantumNous/new-api/service/text_quota.go:412.2,412.29 1 0
github.com/QuantumNous/new-api/service/text_quota.go:412.29,414.3 1 0
github.com/QuantumNous/new-api/service/text_quota.go:415.2,415.30 1 0
github.com/QuantumNous/new-api/service/text_quota.go:415.30,419.3 3 0
github.com/QuantumNous/new-api/service/text_quota.go:420.2,420.36 1 0
github.com/QuantumNous/new-api/service/text_quota.go:420.36,424.3 3 0
github.com/QuantumNous/new-api/service/text_quota.go:424.8,424.49 1 0
github.com/QuantumNous/new-api/service/text_quota.go:424.49,428.3 3 0
github.com/QuantumNous/new-api/service/text_quota.go:429.2,429.37 1 0
github.com/QuantumNous/new-api/service/text_quota.go:429.37,433.3 3 0
github.com/QuantumNous/new-api/service/text_quota.go:434.2,434.60 1 0
github.com/QuantumNous/new-api/service/text_quota.go:434.60,438.3 3 0
github.com/QuantumNous/new-api/service/text_quota.go:439.2,439.42 1 0
github.com/QuantumNous/new-api/service/text_quota.go:439.42,442.3 2 0
github.com/QuantumNous/new-api/service/text_quota.go:443.2,445.37 3 0
github.com/QuantumNous/new-api/service/text_quota.go:445.37,448.3 2 0
github.com/QuantumNous/new-api/service/text_quota.go:449.2,449.39 1 0
github.com/QuantumNous/new-api/service/text_quota.go:449.39,452.3 2 0
github.com/QuantumNous/new-api/service/text_quota.go:453.2,453.39 1 0
github.com/QuantumNous/new-api/service/text_quota.go:453.39,456.3 2 0
github.com/QuantumNous/new-api/service/text_quota.go:457.2,458.26 2 0
github.com/QuantumNous/new-api/service/text_quota.go:458.26,463.3 1 0
github.com/QuantumNous/new-api/service/text_quota.go:464.2,464.139 1 0
github.com/QuantumNous/new-api/service/text_quota.go:464.139,470.3 1 0
github.com/QuantumNous/new-api/service/text_quota.go:471.2,471.26 1 0
github.com/QuantumNous/new-api/service/text_quota.go:471.26,473.3 1 0
github.com/QuantumNous/new-api/service/text_quota.go:475.2,489.19 2 0
github.com/QuantumNous/new-api/service/text_quota.go:489.19,491.3 1 0
github.com/QuantumNous/new-api/service/tiered_settle.go:21.125,28.40 6 0
github.com/QuantumNous/new-api/service/tiered_settle.go:28.40,31.3 2 0
github.com/QuantumNous/new-api/service/tiered_settle.go:33.2,42.27 6 0
github.com/QuantumNous/new-api/service/tiered_settle.go:42.27,44.3 1 0
github.com/QuantumNous/new-api/service/tiered_settle.go:46.2,46.28 1 0
github.com/QuantumNous/new-api/service/tiered_settle.go:46.28,47.21 1 0
github.com/QuantumNous/new-api/service/tiered_settle.go:47.21,49.4 1 0
github.com/QuantumNous/new-api/service/tiered_settle.go:50.3,50.21 1 0
github.com/QuantumNous/new-api/service/tiered_settle.go:50.21,52.4 1 0
github.com/QuantumNous/new-api/service/tiered_settle.go:53.3,53.23 1 0
github.com/QuantumNous/new-api/service/tiered_settle.go:53.23,55.4 1 0
github.com/QuantumNous/new-api/service/tiered_settle.go:56.3,56.22 1 0
github.com/QuantumNous/new-api/service/tiered_settle.go:56.22,58.4 1 0
github.com/QuantumNous/new-api/service/tiered_settle.go:59.3,59.21 1 0
github.com/QuantumNous/new-api/service/tiered_settle.go:59.21,61.4 1 0
github.com/QuantumNous/new-api/service/tiered_settle.go:62.3,62.24 1 0
github.com/QuantumNous/new-api/service/tiered_settle.go:62.24,64.4 1 0
github.com/QuantumNous/new-api/service/tiered_settle.go:65.3,65.21 1 0
github.com/QuantumNous/new-api/service/tiered_settle.go:65.21,67.4 1 0
github.com/QuantumNous/new-api/service/tiered_settle.go:70.2,70.11 1 0
github.com/QuantumNous/new-api/service/tiered_settle.go:70.11,72.3 1 0
github.com/QuantumNous/new-api/service/tiered_settle.go:73.2,73.11 1 0
github.com/QuantumNous/new-api/service/tiered_settle.go:73.11,75.3 1 0
github.com/QuantumNous/new-api/service/tiered_settle.go:77.2,88.3 1 0
github.com/QuantumNous/new-api/service/tiered_settle.go:95.143,97.54 2 0
github.com/QuantumNous/new-api/service/tiered_settle.go:97.54,99.3 1 0
github.com/QuantumNous/new-api/service/tiered_settle.go:101.2,102.42 2 0
github.com/QuantumNous/new-api/service/tiered_settle.go:102.42,104.3 1 0
github.com/QuantumNous/new-api/service/tiered_settle.go:106.2,107.16 2 0
github.com/QuantumNous/new-api/service/tiered_settle.go:107.16,109.17 2 0
github.com/QuantumNous/new-api/service/tiered_settle.go:109.17,111.4 1 0
github.com/QuantumNous/new-api/service/tiered_settle.go:112.3,112.26 1 0
github.com/QuantumNous/new-api/service/tiered_settle.go:115.2,115.44 1 0
github.com/QuantumNous/new-api/service/token_counter.go:22.102,23.47 1 0
github.com/QuantumNous/new-api/service/token_counter.go:23.47,25.3 1 0
github.com/QuantumNous/new-api/service/token_counter.go:28.2,35.44 4 0
github.com/QuantumNous/new-api/service/token_counter.go:35.44,37.3 1 0
github.com/QuantumNous/new-api/service/token_counter.go:40.2,42.9 3 0
github.com/QuantumNous/new-api/service/token_counter.go:43.52,45.20 2 0
github.com/QuantumNous/new-api/service/token_counter.go:46.52,48.20 2 0
github.com/QuantumNous/new-api/service/token_counter.go:49.48,51.20 2 0
github.com/QuantumNous/new-api/service/token_counter.go:52.51,54.20 2 0
github.com/QuantumNous/new-api/service/token_counter.go:55.51,57.20 2 0
github.com/QuantumNous/new-api/service/token_counter.go:61.2,61.19 1 0
github.com/QuantumNous/new-api/service/token_counter.go:61.19,62.51 1 0
github.com/QuantumNous/new-api/service/token_counter.go:62.51,65.4 2 0
github.com/QuantumNous/new-api/service/token_counter.go:65.9,65.190 1 0
github.com/QuantumNous/new-api/service/token_counter.go:65.190,68.4 2 0
github.com/QuantumNous/new-api/service/token_counter.go:68.9,68.131 1 0
github.com/QuantumNous/new-api/service/token_counter.go:68.131,71.4 2 0
github.com/QuantumNous/new-api/service/token_counter.go:71.9,71.66 1 0
github.com/QuantumNous/new-api/service/token_counter.go:71.66,74.4 2 0
github.com/QuantumNous/new-api/service/token_counter.go:74.9,74.126 1 0
github.com/QuantumNous/new-api/service/token_counter.go:74.126,77.4 2 0
github.com/QuantumNous/new-api/service/token_counter.go:81.2,81.47 1 0
github.com/QuantumNous/new-api/service/token_counter.go:81.47,83.3 1 0
github.com/QuantumNous/new-api/service/token_counter.go:86.2,86.29 1 0
github.com/QuantumNous/new-api/service/token_counter.go:86.29,88.3 1 0
github.com/QuantumNous/new-api/service/token_counter.go:90.2,90.49 1 0
github.com/QuantumNous/new-api/service/token_counter.go:90.49,92.3 1 0
github.com/QuantumNous/new-api/service/token_counter.go:94.2,94.56 1 0
github.com/QuantumNous/new-api/service/token_counter.go:94.56,96.3 1 0
github.com/QuantumNous/new-api/service/token_counter.go:99.2,100.16 2 0
github.com/QuantumNous/new-api/service/token_counter.go:100.16,102.3 1 0
github.com/QuantumNous/new-api/service/token_counter.go:103.2,103.45 1 0
github.com/QuantumNous/new-api/service/token_counter.go:103.45,105.19 1 0
github.com/QuantumNous/new-api/service/token_counter.go:105.19,108.4 1 0
github.com/QuantumNous/new-api/service/token_counter.go:109.3,109.97 1 0
github.com/QuantumNous/new-api/service/token_counter.go:112.2,116.18 4 0
github.com/QuantumNous/new-api/service/token_counter.go:116.18,118.33 1 0
github.com/QuantumNous/new-api/service/token_counter.go:118.33,118.59 1 0
github.com/QuantumNous/new-api/service/token_counter.go:119.3,122.24 4 0
github.com/QuantumNous/new-api/service/token_counter.go:122.24,132.35 8 0
github.com/QuantumNous/new-api/service/token_counter.go:132.35,134.5 1 0
github.com/QuantumNous/new-api/service/token_counter.go:135.4,140.26 6 0
github.com/QuantumNous/new-api/service/token_counter.go:140.26,142.5 1 0
github.com/QuantumNous/new-api/service/token_counter.go:143.4,143.66 1 0
github.com/QuantumNous/new-api/service/token_counter.go:146.3,147.65 2 0
github.com/QuantumNous/new-api/service/token_counter.go:152.2,154.20 3 0
github.com/QuantumNous/new-api/service/token_counter.go:154.20,156.3 1 0
github.com/QuantumNous/new-api/service/token_counter.go:157.2,162.18 4 0
github.com/QuantumNous/new-api/service/token_counter.go:162.18,164.3 1 0
github.com/QuantumNous/new-api/service/token_counter.go:165.2,174.25 7 0
github.com/QuantumNous/new-api/service/token_counter.go:174.25,176.3 1 0
github.com/QuantumNous/new-api/service/token_counter.go:178.2,178.43 1 0
github.com/QuantumNous/new-api/service/token_counter.go:181.113,183.26 1 0
github.com/QuantumNous/new-api/service/token_counter.go:183.26,185.3 1 0
github.com/QuantumNous/new-api/service/token_counter.go:187.2,187.17 1 0
github.com/QuantumNous/new-api/service/token_counter.go:187.17,189.3 1 0
github.com/QuantumNous/new-api/service/token_counter.go:191.2,191.57 1 0
github.com/QuantumNous/new-api/service/token_counter.go:191.57,193.3 1 0
github.com/QuantumNous/new-api/service/token_counter.go:194.2,194.118 1 0
github.com/QuantumNous/new-api/service/token_counter.go:194.118,196.17 2 0
github.com/QuantumNous/new-api/service/token_counter.go:196.17,198.4 1 0
github.com/QuantumNous/new-api/service/token_counter.go:199.3,201.42 3 0
github.com/QuantumNous/new-api/service/token_counter.go:201.42,203.18 2 0
github.com/QuantumNous/new-api/service/token_counter.go:203.18,205.5 1 0
github.com/QuantumNous/new-api/service/token_counter.go:206.4,210.18 4 0
github.com/QuantumNous/new-api/service/token_counter.go:210.18,212.5 1 0
github.com/QuantumNous/new-api/service/token_counter.go:214.4,214.73 1 0
github.com/QuantumNous/new-api/service/token_counter.go:216.3,216.30 1 0
github.com/QuantumNous/new-api/service/token_counter.go:219.2,222.49 3 0
github.com/QuantumNous/new-api/service/token_counter.go:222.49,224.3 1 0
github.com/QuantumNous/new-api/service/token_counter.go:224.8,226.3 1 0
github.com/QuantumNous/new-api/service/token_counter.go:228.2,228.49 1 0
github.com/QuantumNous/new-api/service/token_counter.go:228.49,233.3 4 0
github.com/QuantumNous/new-api/service/token_counter.go:235.2,237.49 2 0
github.com/QuantumNous/new-api/service/token_counter.go:237.49,239.3 1 0
github.com/QuantumNous/new-api/service/token_counter.go:242.2,242.29 1 0
github.com/QuantumNous/new-api/service/token_counter.go:242.29,244.3 1 0
github.com/QuantumNous/new-api/service/token_counter.go:247.2,247.56 1 0
github.com/QuantumNous/new-api/service/token_counter.go:247.56,249.3 1 0
github.com/QuantumNous/new-api/service/token_counter.go:252.2,252.34 1 0
github.com/QuantumNous/new-api/service/token_counter.go:252.34,253.25 1 0
github.com/QuantumNous/new-api/service/token_counter.go:253.25,254.12 1 0
github.com/QuantumNous/new-api/service/token_counter.go:258.3,258.71 1 0
github.com/QuantumNous/new-api/service/token_counter.go:258.71,263.18 2 0
github.com/QuantumNous/new-api/service/token_counter.go:263.18,264.25 1 0
github.com/QuantumNous/new-api/service/token_counter.go:264.25,266.6 1 0
github.com/QuantumNous/new-api/service/token_counter.go:267.5,267.13 1 0
github.com/QuantumNous/new-api/service/token_counter.go:269.4,269.55 1 0
github.com/QuantumNous/new-api/service/token_counter.go:273.2,273.34 1 0
github.com/QuantumNous/new-api/service/token_counter.go:273.34,274.24 1 0
github.com/QuantumNous/new-api/service/token_counter.go:275.28,276.39 1 0
github.com/QuantumNous/new-api/service/token_counter.go:276.39,278.19 2 0
github.com/QuantumNous/new-api/service/token_counter.go:278.19,280.6 1 0
github.com/QuantumNous/new-api/service/token_counter.go:281.5,281.17 1 0
github.com/QuantumNous/new-api/service/token_counter.go:282.10,284.5 1 0
github.com/QuantumNous/new-api/service/token_counter.go:285.28,286.14 1 0
github.com/QuantumNous/new-api/service/token_counter.go:287.28,288.19 1 0
github.com/QuantumNous/new-api/service/token_counter.go:289.27,290.15 1 0
github.com/QuantumNous/new-api/service/token_counter.go:291.11,292.15 1 0
github.com/QuantumNous/new-api/service/token_counter.go:296.2,297.17 2 0
github.com/QuantumNous/new-api/service/token_counter.go:300.113,303.22 3 0
github.com/QuantumNous/new-api/service/token_counter.go:304.42,305.29 1 0
github.com/QuantumNous/new-api/service/token_counter.go:305.29,308.4 2 0
github.com/QuantumNous/new-api/service/token_counter.go:309.43,312.17 2 0
github.com/QuantumNous/new-api/service/token_counter.go:312.17,314.4 1 0
github.com/QuantumNous/new-api/service/token_counter.go:315.3,315.20 1 0
github.com/QuantumNous/new-api/service/token_counter.go:316.109,319.19 2 0
github.com/QuantumNous/new-api/service/token_counter.go:320.47,323.17 2 0
github.com/QuantumNous/new-api/service/token_counter.go:323.17,325.4 1 0
github.com/QuantumNous/new-api/service/token_counter.go:326.3,326.20 1 0
github.com/QuantumNous/new-api/service/token_counter.go:327.48,328.26 1 0
github.com/QuantumNous/new-api/service/token_counter.go:328.26,329.29 1 0
github.com/QuantumNous/new-api/service/token_counter.go:330.19,331.50 1 0
github.com/QuantumNous/new-api/service/token_counter.go:331.50,332.38 1 0
github.com/QuantumNous/new-api/service/token_counter.go:332.38,335.7 2 0
github.com/QuantumNous/new-api/service/token_counter.go:339.41,341.27 1 0
github.com/QuantumNous/new-api/service/token_counter.go:341.27,342.64 1 0
github.com/QuantumNous/new-api/service/token_counter.go:342.64,343.45 1 0
github.com/QuantumNous/new-api/service/token_counter.go:343.45,347.6 3 0
github.com/QuantumNous/new-api/service/token_counter.go:351.2,351.35 1 0
github.com/QuantumNous/new-api/service/token_counter.go:354.51,355.27 1 0
github.com/QuantumNous/new-api/service/token_counter.go:356.14,357.34 1 0
github.com/QuantumNous/new-api/service/token_counter.go:358.16,360.23 2 0
github.com/QuantumNous/new-api/service/token_counter.go:360.23,362.4 1 0
github.com/QuantumNous/new-api/service/token_counter.go:363.3,363.37 1 0
github.com/QuantumNous/new-api/service/token_counter.go:364.21,366.26 2 0
github.com/QuantumNous/new-api/service/token_counter.go:366.26,368.4 1 0
github.com/QuantumNous/new-api/service/token_counter.go:369.3,369.37 1 0
github.com/QuantumNous/new-api/service/token_counter.go:371.2,371.57 1 0
github.com/QuantumNous/new-api/service/token_counter.go:374.80,375.23 1 0
github.com/QuantumNous/new-api/service/token_counter.go:375.23,377.3 1 0
github.com/QuantumNous/new-api/service/token_counter.go:378.2,379.16 2 0
github.com/QuantumNous/new-api/service/token_counter.go:379.16,381.3 1 0
github.com/QuantumNous/new-api/service/token_counter.go:382.2,382.45 1 0
github.com/QuantumNous/new-api/service/token_counter.go:385.81,386.23 1 0
github.com/QuantumNous/new-api/service/token_counter.go:386.23,388.3 1 0
github.com/QuantumNous/new-api/service/token_counter.go:389.2,390.16 2 0
github.com/QuantumNous/new-api/service/token_counter.go:390.16,392.3 1 0
github.com/QuantumNous/new-api/service/token_counter.go:393.2,393.45 1 0
github.com/QuantumNous/new-api/service/token_counter.go:397.52,398.16 1 0
github.com/QuantumNous/new-api/service/token_counter.go:398.16,400.3 1 0
github.com/QuantumNous/new-api/service/token_counter.go:401.2,401.37 1 0
github.com/QuantumNous/new-api/service/token_counter.go:401.37,404.3 2 0
github.com/QuantumNous/new-api/service/token_counter.go:404.8,407.3 1 0
github.com/QuantumNous/new-api/service/token_estimator.go:51.45,55.11 3 0
github.com/QuantumNous/new-api/service/token_estimator.go:56.14,57.32 1 0
github.com/QuantumNous/new-api/service/token_estimator.go:58.14,59.32 1 0
github.com/QuantumNous/new-api/service/token_estimator.go:60.14,61.32 1 0
github.com/QuantumNous/new-api/service/token_estimator.go:62.10,64.32 1 0
github.com/QuantumNous/new-api/service/token_estimator.go:69.56,82.25 6 0
github.com/QuantumNous/new-api/service/token_estimator.go:82.25,84.25 1 0
github.com/QuantumNous/new-api/service/token_estimator.go:84.25,87.30 2 0
github.com/QuantumNous/new-api/service/token_estimator.go:87.30,89.5 1 0
github.com/QuantumNous/new-api/service/token_estimator.go:89.10,92.5 1 0
github.com/QuantumNous/new-api/service/token_estimator.go:93.4,93.12 1 0
github.com/QuantumNous/new-api/service/token_estimator.go:97.3,97.15 1 0
github.com/QuantumNous/new-api/service/token_estimator.go:97.15,100.12 3 0
github.com/QuantumNous/new-api/service/token_estimator.go:104.3,104.17 1 0
github.com/QuantumNous/new-api/service/token_estimator.go:104.17,107.12 3 0
github.com/QuantumNous/new-api/service/token_estimator.go:111.3,111.25 1 0
github.com/QuantumNous/new-api/service/token_estimator.go:111.25,114.13 3 0
github.com/QuantumNous/new-api/service/token_estimator.go:114.13,116.5 1 0
github.com/QuantumNous/new-api/service/token_estimator.go:121.4,121.61 1 0
github.com/QuantumNous/new-api/service/token_estimator.go:121.61,122.26 1 0
github.com/QuantumNous/new-api/service/token_estimator.go:122.26,124.6 1 0
github.com/QuantumNous/new-api/service/token_estimator.go:124.11,126.6 1 0
github.com/QuantumNous/new-api/service/token_estimator.go:127.5,127.30 1 0
github.com/QuantumNous/new-api/service/token_estimator.go:130.4,130.12 1 0
github.com/QuantumNous/new-api/service/token_estimator.go:134.3,135.22 2 0
github.com/QuantumNous/new-api/service/token_estimator.go:135.22,137.4 1 0
github.com/QuantumNous/new-api/service/token_estimator.go:137.9,137.22 1 0
github.com/QuantumNous/new-api/service/token_estimator.go:137.22,139.4 1 0
github.com/QuantumNous/new-api/service/token_estimator.go:139.9,139.27 1 0
github.com/QuantumNous/new-api/service/token_estimator.go:139.27,141.4 1 0
github.com/QuantumNous/new-api/service/token_estimator.go:141.9,143.4 1 0
github.com/QuantumNous/new-api/service/token_estimator.go:147.2,147.42 1 0
github.com/QuantumNous/new-api/service/token_estimator.go:151.25,155.2 1 0
github.com/QuantumNous/new-api/service/token_estimator.go:158.35,160.2 1 0
github.com/QuantumNous/new-api/service/token_estimator.go:163.27,175.2 1 0
github.com/QuantumNous/new-api/service/token_estimator.go:178.32,184.32 2 0
github.com/QuantumNous/new-api/service/token_estimator.go:184.32,185.13 1 0
github.com/QuantumNous/new-api/service/token_estimator.go:185.13,187.4 1 0
github.com/QuantumNous/new-api/service/token_estimator.go:190.2,190.32 1 0
github.com/QuantumNous/new-api/service/token_estimator.go:190.32,192.3 1 0
github.com/QuantumNous/new-api/service/token_estimator.go:194.2,194.32 1 0
github.com/QuantumNous/new-api/service/token_estimator.go:194.32,196.3 1 0
github.com/QuantumNous/new-api/service/token_estimator.go:198.2,198.34 1 0
github.com/QuantumNous/new-api/service/token_estimator.go:198.34,200.3 1 0
github.com/QuantumNous/new-api/service/token_estimator.go:201.2,201.14 1 0
github.com/QuantumNous/new-api/service/token_estimator.go:205.30,208.30 2 0
github.com/QuantumNous/new-api/service/token_estimator.go:208.30,209.13 1 0
github.com/QuantumNous/new-api/service/token_estimator.go:209.13,211.4 1 0
github.com/QuantumNous/new-api/service/token_estimator.go:213.2,213.14 1 0
github.com/QuantumNous/new-api/service/token_estimator.go:216.51,218.16 1 0
github.com/QuantumNous/new-api/service/token_estimator.go:218.16,220.3 1 0
github.com/QuantumNous/new-api/service/token_estimator.go:222.2,223.39 2 0
github.com/QuantumNous/new-api/service/token_estimator.go:223.39,225.3 1 0
github.com/QuantumNous/new-api/service/token_estimator.go:225.8,225.46 1 0
github.com/QuantumNous/new-api/service/token_estimator.go:225.46,227.3 1 0
github.com/QuantumNous/new-api/service/token_estimator.go:227.8,229.3 1 0
github.com/QuantumNous/new-api/service/tokenizer.go:20.26,24.2 3 0
github.com/QuantumNous/new-api/service/tokenizer.go:26.52,29.55 2 0
github.com/QuantumNous/new-api/service/tokenizer.go:29.55,32.3 2 0
github.com/QuantumNous/new-api/service/tokenizer.go:33.2,40.55 4 0
github.com/QuantumNous/new-api/service/tokenizer.go:40.55,42.3 1 0
github.com/QuantumNous/new-api/service/tokenizer.go:45.2,46.16 2 0
github.com/QuantumNous/new-api/service/tokenizer.go:46.16,50.3 2 0
github.com/QuantumNous/new-api/service/tokenizer.go:53.2,54.19 2 0
github.com/QuantumNous/new-api/service/tokenizer.go:57.65,58.16 1 0
github.com/QuantumNous/new-api/service/tokenizer.go:58.16,60.3 1 0
github.com/QuantumNous/new-api/service/tokenizer.go:61.2,62.12 2 0
github.com/QuantumNous/new-api/service/tool_billing.go:39.83,43.46 3 0
github.com/QuantumNous/new-api/service/tool_billing.go:43.46,44.17 1 0
github.com/QuantumNous/new-api/service/tool_billing.go:44.17,46.4 1 0
github.com/QuantumNous/new-api/service/tool_billing.go:47.3,48.22 2 0
github.com/QuantumNous/new-api/service/tool_billing.go:48.22,50.4 1 0
github.com/QuantumNous/new-api/service/tool_billing.go:51.3,60.22 4 0
github.com/QuantumNous/new-api/service/tool_billing.go:63.2,63.63 1 0
github.com/QuantumNous/new-api/service/tool_billing.go:63.63,65.3 1 0
github.com/QuantumNous/new-api/service/tool_billing.go:67.2,67.31 1 0
github.com/QuantumNous/new-api/service/tool_billing.go:67.31,69.3 1 0
github.com/QuantumNous/new-api/service/tool_billing.go:71.2,71.31 1 0
github.com/QuantumNous/new-api/service/tool_billing.go:71.31,82.3 4 0
github.com/QuantumNous/new-api/service/tool_billing.go:84.2,87.3 1 0
github.com/QuantumNous/new-api/service/usage_helpr.go:22.108,29.2 6 0
github.com/QuantumNous/new-api/service/usage_helpr.go:31.40,33.2 1 0
github.com/QuantumNous/new-api/service/user_notify.go:17.63,20.16 3 0
github.com/QuantumNous/new-api/service/user_notify.go:20.16,22.3 1 0
github.com/QuantumNous/new-api/service/user_notify.go:25.72,30.34 2 0
github.com/QuantumNous/new-api/service/user_notify.go:30.34,33.3 2 0
github.com/QuantumNous/new-api/service/user_notify.go:35.2,37.29 3 0
github.com/QuantumNous/new-api/service/user_notify.go:37.29,39.52 2 0
github.com/QuantumNous/new-api/service/user_notify.go:39.52,40.12 1 0
github.com/QuantumNous/new-api/service/user_notify.go:42.3,42.84 1 0
github.com/QuantumNous/new-api/service/user_notify.go:42.84,44.12 2 0
github.com/QuantumNous/new-api/service/user_notify.go:46.3,46.14 1 0
github.com/QuantumNous/new-api/service/user_notify.go:48.2,48.87 1 0
github.com/QuantumNous/new-api/service/user_notify.go:51.99,53.22 2 0
github.com/QuantumNous/new-api/service/user_notify.go:53.22,55.3 1 0
github.com/QuantumNous/new-api/service/user_notify.go:58.2,59.16 2 0
github.com/QuantumNous/new-api/service/user_notify.go:59.16,62.3 2 0
github.com/QuantumNous/new-api/service/user_notify.go:63.2,63.14 1 0
github.com/QuantumNous/new-api/service/user_notify.go:63.14,65.3 1 0
github.com/QuantumNous/new-api/service/user_notify.go:67.2,67.20 1 0
github.com/QuantumNous/new-api/service/user_notify.go:68.27,71.23 2 0
github.com/QuantumNous/new-api/service/user_notify.go:71.23,73.4 1 0
github.com/QuantumNous/new-api/service/user_notify.go:74.3,74.23 1 0
github.com/QuantumNous/new-api/service/user_notify.go:74.23,77.4 2 0
github.com/QuantumNous/new-api/service/user_notify.go:78.3,78.43 1 0
github.com/QuantumNous/new-api/service/user_notify.go:79.29,81.26 2 0
github.com/QuantumNous/new-api/service/user_notify.go:81.26,84.4 2 0
github.com/QuantumNous/new-api/service/user_notify.go:87.3,88.63 2 0
github.com/QuantumNous/new-api/service/user_notify.go:89.26,91.20 2 0
github.com/QuantumNous/new-api/service/user_notify.go:91.20,94.4 2 0
github.com/QuantumNous/new-api/service/user_notify.go:95.3,95.39 1 0
github.com/QuantumNous/new-api/service/user_notify.go:96.28,99.43 3 0
github.com/QuantumNous/new-api/service/user_notify.go:99.43,102.4 2 0
github.com/QuantumNous/new-api/service/user_notify.go:103.3,103.84 1 0
github.com/QuantumNous/new-api/service/user_notify.go:105.2,105.12 1 0
github.com/QuantumNous/new-api/service/user_notify.go:108.63,112.36 2 0
github.com/QuantumNous/new-api/service/user_notify.go:112.36,114.3 1 0
github.com/QuantumNous/new-api/service/user_notify.go:115.2,115.57 1 0
github.com/QuantumNous/new-api/service/user_notify.go:118.60,121.36 2 0
github.com/QuantumNous/new-api/service/user_notify.go:121.36,123.3 1 0
github.com/QuantumNous/new-api/service/user_notify.go:126.2,134.35 6 0
github.com/QuantumNous/new-api/service/user_notify.go:134.35,146.17 3 0
github.com/QuantumNous/new-api/service/user_notify.go:146.17,148.4 1 0
github.com/QuantumNous/new-api/service/user_notify.go:149.3,152.54 2 0
github.com/QuantumNous/new-api/service/user_notify.go:152.54,154.4 1 0
github.com/QuantumNous/new-api/service/user_notify.go:155.8,158.302 2 0
github.com/QuantumNous/new-api/service/user_notify.go:158.302,160.4 1 0
github.com/QuantumNous/new-api/service/user_notify.go:163.3,164.17 2 0
github.com/QuantumNous/new-api/service/user_notify.go:164.17,166.4 1 0
github.com/QuantumNous/new-api/service/user_notify.go:169.3,174.17 4 0
github.com/QuantumNous/new-api/service/user_notify.go:174.17,176.4 1 0
github.com/QuantumNous/new-api/service/user_notify.go:177.3,180.54 2 0
github.com/QuantumNous/new-api/service/user_notify.go:180.54,182.4 1 0
github.com/QuantumNous/new-api/service/user_notify.go:185.2,185.12 1 0
github.com/QuantumNous/new-api/service/user_notify.go:188.98,191.36 2 0
github.com/QuantumNous/new-api/service/user_notify.go:191.36,193.3 1 0
github.com/QuantumNous/new-api/service/user_notify.go:197.2,200.35 2 0
github.com/QuantumNous/new-api/service/user_notify.go:200.35,202.3 1 0
github.com/QuantumNous/new-api/service/user_notify.go:205.2,219.16 4 0
github.com/QuantumNous/new-api/service/user_notify.go:219.16,221.3 1 0
github.com/QuantumNous/new-api/service/user_notify.go:223.2,226.35 3 0
github.com/QuantumNous/new-api/service/user_notify.go:226.35,240.17 3 0
github.com/QuantumNous/new-api/service/user_notify.go:240.17,242.4 1 0
github.com/QuantumNous/new-api/service/user_notify.go:243.3,246.54 2 0
github.com/QuantumNous/new-api/service/user_notify.go:246.54,248.4 1 0
github.com/QuantumNous/new-api/service/user_notify.go:249.8,252.302 2 0
github.com/QuantumNous/new-api/service/user_notify.go:252.302,254.4 1 0
github.com/QuantumNous/new-api/service/user_notify.go:257.3,258.17 2 0
github.com/QuantumNous/new-api/service/user_notify.go:258.17,260.4 1 0
github.com/QuantumNous/new-api/service/user_notify.go:263.3,269.17 5 0
github.com/QuantumNous/new-api/service/user_notify.go:269.17,271.4 1 0
github.com/QuantumNous/new-api/service/user_notify.go:272.3,275.54 2 0
github.com/QuantumNous/new-api/service/user_notify.go:275.54,277.4 1 0
github.com/QuantumNous/new-api/service/user_notify.go:280.2,280.12 1 0
github.com/QuantumNous/new-api/service/violation_fee.go:26.52,28.2 1 0
github.com/QuantumNous/new-api/service/violation_fee.go:30.58,31.16 1 0
github.com/QuantumNous/new-api/service/violation_fee.go:31.16,33.3 1 0
github.com/QuantumNous/new-api/service/violation_fee.go:34.2,34.117 1 0
github.com/QuantumNous/new-api/service/violation_fee.go:34.117,36.3 1 0
github.com/QuantumNous/new-api/service/violation_fee.go:37.2,38.112 2 0
github.com/QuantumNous/new-api/service/violation_fee.go:41.76,42.16 1 0
github.com/QuantumNous/new-api/service/violation_fee.go:42.16,44.3 1 0
github.com/QuantumNous/new-api/service/violation_fee.go:45.2,48.83 4 0
github.com/QuantumNous/new-api/service/violation_fee.go:56.76,57.16 1 0
github.com/QuantumNous/new-api/service/violation_fee.go:57.16,59.3 1 0
github.com/QuantumNous/new-api/service/violation_fee.go:61.2,61.33 1 0
github.com/QuantumNous/new-api/service/violation_fee.go:61.33,63.3 1 0
github.com/QuantumNous/new-api/service/violation_fee.go:65.2,65.44 1 0
github.com/QuantumNous/new-api/service/violation_fee.go:65.44,68.3 2 0
github.com/QuantumNous/new-api/service/violation_fee.go:70.2,70.12 1 0
github.com/QuantumNous/new-api/service/violation_fee.go:73.60,74.16 1 0
github.com/QuantumNous/new-api/service/violation_fee.go:74.16,76.3 1 0
github.com/QuantumNous/new-api/service/violation_fee.go:77.2,77.63 1 0
github.com/QuantumNous/new-api/service/violation_fee.go:77.63,79.3 1 0
github.com/QuantumNous/new-api/service/violation_fee.go:81.2,81.36 1 0
github.com/QuantumNous/new-api/service/violation_fee.go:84.60,85.17 1 0
github.com/QuantumNous/new-api/service/violation_fee.go:85.17,87.3 1 0
github.com/QuantumNous/new-api/service/violation_fee.go:88.2,88.21 1 0
github.com/QuantumNous/new-api/service/violation_fee.go:88.21,90.3 1 0
github.com/QuantumNous/new-api/service/violation_fee.go:91.2,96.16 2 0
github.com/QuantumNous/new-api/service/violation_fee.go:96.16,98.3 1 0
github.com/QuantumNous/new-api/service/violation_fee.go:99.2,99.19 1 0
github.com/QuantumNous/new-api/service/violation_fee.go:104.117,105.53 1 0
github.com/QuantumNous/new-api/service/violation_fee.go:105.53,107.3 1 0
github.com/QuantumNous/new-api/service/violation_fee.go:111.2,111.39 1 0
github.com/QuantumNous/new-api/service/violation_fee.go:111.39,113.3 1 0
github.com/QuantumNous/new-api/service/violation_fee.go:115.2,116.60 2 0
github.com/QuantumNous/new-api/service/violation_fee.go:116.60,118.3 1 0
github.com/QuantumNous/new-api/service/violation_fee.go:120.2,122.19 3 0
github.com/QuantumNous/new-api/service/violation_fee.go:122.19,124.3 1 0
github.com/QuantumNous/new-api/service/violation_fee.go:126.2,126.71 1 0
github.com/QuantumNous/new-api/service/violation_fee.go:126.71,129.3 2 0
github.com/QuantumNous/new-api/service/violation_fee.go:131.2,163.13 8 0
github.com/QuantumNous/new-api/service/waffo_pancake.go:86.65,87.14 1 0
github.com/QuantumNous/new-api/service/waffo_pancake.go:87.14,89.3 1 0
github.com/QuantumNous/new-api/service/waffo_pancake.go:90.2,90.20 1 0
github.com/QuantumNous/new-api/service/waffo_pancake.go:93.140,94.19 1 0
github.com/QuantumNous/new-api/service/waffo_pancake.go:94.19,96.3 1 0
github.com/QuantumNous/new-api/service/waffo_pancake.go:98.2,99.16 2 0
github.com/QuantumNous/new-api/service/waffo_pancake.go:99.16,101.3 1 0
github.com/QuantumNous/new-api/service/waffo_pancake.go:103.2,104.16 2 0
github.com/QuantumNous/new-api/service/waffo_pancake.go:104.16,106.3 1 0
github.com/QuantumNous/new-api/service/waffo_pancake.go:108.2,110.16 3 0
github.com/QuantumNous/new-api/service/waffo_pancake.go:110.16,112.3 1 0
github.com/QuantumNous/new-api/service/waffo_pancake.go:114.2,115.16 2 0
github.com/QuantumNous/new-api/service/waffo_pancake.go:115.16,117.3 1 0
github.com/QuantumNous/new-api/service/waffo_pancake.go:118.2,122.33 5 0
github.com/QuantumNous/new-api/service/waffo_pancake.go:122.33,124.3 1 0
github.com/QuantumNous/new-api/service/waffo_pancake.go:124.8,126.3 1 0
github.com/QuantumNous/new-api/service/waffo_pancake.go:128.2,129.16 2 0
github.com/QuantumNous/new-api/service/waffo_pancake.go:129.16,131.3 1 0
github.com/QuantumNous/new-api/service/waffo_pancake.go:132.2,135.16 3 0
github.com/QuantumNous/new-api/service/waffo_pancake.go:135.16,137.3 1 0
github.com/QuantumNous/new-api/service/waffo_pancake.go:139.2,140.64 2 0
github.com/QuantumNous/new-api/service/waffo_pancake.go:140.64,142.3 1 0
github.com/QuantumNous/new-api/service/waffo_pancake.go:143.2,143.46 1 0
github.com/QuantumNous/new-api/service/waffo_pancake.go:143.46,144.29 1 0
github.com/QuantumNous/new-api/service/waffo_pancake.go:144.29,146.4 1 0
github.com/QuantumNous/new-api/service/waffo_pancake.go:147.3,147.98 1 0
github.com/QuantumNous/new-api/service/waffo_pancake.go:149.2,149.28 1 0
github.com/QuantumNous/new-api/service/waffo_pancake.go:149.28,151.3 1 0
github.com/QuantumNous/new-api/service/waffo_pancake.go:152.2,152.107 1 0
github.com/QuantumNous/new-api/service/waffo_pancake.go:152.107,154.3 1 0
github.com/QuantumNous/new-api/service/waffo_pancake.go:155.2,155.25 1 0
github.com/QuantumNous/new-api/service/waffo_pancake.go:158.117,161.2 2 0
github.com/QuantumNous/new-api/service/waffo_pancake.go:163.82,164.18 1 0
github.com/QuantumNous/new-api/service/waffo_pancake.go:164.18,166.3 1 0
github.com/QuantumNous/new-api/service/waffo_pancake.go:168.2,168.69 1 0
github.com/QuantumNous/new-api/service/waffo_pancake.go:168.69,170.77 2 0
github.com/QuantumNous/new-api/service/waffo_pancake.go:170.77,172.4 1 0
github.com/QuantumNous/new-api/service/waffo_pancake.go:173.3,173.89 1 0
github.com/QuantumNous/new-api/service/waffo_pancake.go:176.2,176.50 1 0
github.com/QuantumNous/new-api/service/waffo_pancake.go:179.57,181.2 1 0
github.com/QuantumNous/new-api/service/waffo_pancake.go:183.56,185.2 1 0
github.com/QuantumNous/new-api/service/waffo_pancake.go:187.86,188.34 1 0
github.com/QuantumNous/new-api/service/waffo_pancake.go:188.34,190.3 1 0
github.com/QuantumNous/new-api/service/waffo_pancake.go:192.2,193.44 2 0
github.com/QuantumNous/new-api/service/waffo_pancake.go:193.44,195.19 2 0
github.com/QuantumNous/new-api/service/waffo_pancake.go:195.19,197.4 1 0
github.com/QuantumNous/new-api/service/waffo_pancake.go:198.3,198.48 1 0
github.com/QuantumNous/new-api/service/waffo_pancake.go:201.2,202.16 2 0
github.com/QuantumNous/new-api/service/waffo_pancake.go:202.16,204.3 1 0
github.com/QuantumNous/new-api/service/waffo_pancake.go:206.2,207.32 2 0
github.com/QuantumNous/new-api/service/waffo_pancake.go:207.32,208.59 1 0
github.com/QuantumNous/new-api/service/waffo_pancake.go:208.59,209.60 1 0
github.com/QuantumNous/new-api/service/waffo_pancake.go:209.60,211.5 1 0
github.com/QuantumNous/new-api/service/waffo_pancake.go:211.10,213.5 1 0
github.com/QuantumNous/new-api/service/waffo_pancake.go:215.8,216.57 1 0
github.com/QuantumNous/new-api/service/waffo_pancake.go:216.57,217.59 1 0
github.com/QuantumNous/new-api/service/waffo_pancake.go:217.59,219.5 1 0
github.com/QuantumNous/new-api/service/waffo_pancake.go:219.10,221.5 1 0
github.com/QuantumNous/new-api/service/waffo_pancake.go:225.2,225.79 1 0
github.com/QuantumNous/new-api/service/waffo_pancake.go:228.127,230.18 2 0
github.com/QuantumNous/new-api/service/waffo_pancake.go:230.18,232.3 1 0
github.com/QuantumNous/new-api/service/waffo_pancake.go:234.2,235.20 2 0
github.com/QuantumNous/new-api/service/waffo_pancake.go:236.21,238.17 2 0
github.com/QuantumNous/new-api/service/waffo_pancake.go:238.17,240.4 1 0
github.com/QuantumNous/new-api/service/waffo_pancake.go:241.3,242.10 2 0
github.com/QuantumNous/new-api/service/waffo_pancake.go:242.10,244.4 1 0
github.com/QuantumNous/new-api/service/waffo_pancake.go:245.3,245.22 1 0
github.com/QuantumNous/new-api/service/waffo_pancake.go:246.25,248.17 2 0
github.com/QuantumNous/new-api/service/waffo_pancake.go:248.17,250.4 1 0
github.com/QuantumNous/new-api/service/waffo_pancake.go:251.3,251.19 1 0
github.com/QuantumNous/new-api/service/waffo_pancake.go:252.10,253.72 1 0
github.com/QuantumNous/new-api/service/waffo_pancake.go:256.2,259.16 4 0
github.com/QuantumNous/new-api/service/waffo_pancake.go:259.16,261.3 1 0
github.com/QuantumNous/new-api/service/waffo_pancake.go:262.2,262.58 1 0
github.com/QuantumNous/new-api/service/waffo_pancake.go:265.106,274.2 2 0
github.com/QuantumNous/new-api/service/waffo_pancake.go:276.127,277.27 1 0
github.com/QuantumNous/new-api/service/waffo_pancake.go:277.27,279.3 1 0
github.com/QuantumNous/new-api/service/waffo_pancake.go:281.2,282.48 2 0
github.com/QuantumNous/new-api/service/waffo_pancake.go:282.48,284.3 1 0
github.com/QuantumNous/new-api/service/waffo_pancake.go:286.2,287.16 2 0
github.com/QuantumNous/new-api/service/waffo_pancake.go:287.16,289.3 1 0
github.com/QuantumNous/new-api/service/waffo_pancake.go:290.2,290.114 1 0
github.com/QuantumNous/new-api/service/waffo_pancake.go:290.114,292.3 1 0
github.com/QuantumNous/new-api/service/waffo_pancake.go:294.2,295.138 2 0
github.com/QuantumNous/new-api/service/waffo_pancake.go:295.138,297.3 1 0
github.com/QuantumNous/new-api/service/waffo_pancake.go:299.2,300.66 2 0
github.com/QuantumNous/new-api/service/waffo_pancake.go:300.66,302.3 1 0
github.com/QuantumNous/new-api/service/waffo_pancake.go:303.2,303.20 1 0
github.com/QuantumNous/new-api/service/waffo_pancake.go:306.71,309.50 3 0
github.com/QuantumNous/new-api/service/waffo_pancake.go:309.50,311.13 2 0
github.com/QuantumNous/new-api/service/waffo_pancake.go:311.13,312.12 1 0
github.com/QuantumNous/new-api/service/waffo_pancake.go:314.3,314.14 1 0
github.com/QuantumNous/new-api/service/waffo_pancake.go:315.12,316.25 1 0
github.com/QuantumNous/new-api/service/waffo_pancake.go:317.13,318.25 1 0
github.com/QuantumNous/new-api/service/waffo_pancake.go:321.2,321.37 1 0
github.com/QuantumNous/new-api/service/waffo_pancake.go:324.67,328.69 2 0
github.com/QuantumNous/new-api/service/waffo_pancake.go:328.69,329.34 1 0
github.com/QuantumNous/new-api/service/waffo_pancake.go:329.34,331.4 1 0
github.com/QuantumNous/new-api/service/waffo_pancake.go:332.3,332.16 1 0
github.com/QuantumNous/new-api/service/waffo_pancake.go:335.2,335.59 1 0
github.com/QuantumNous/new-api/service/waffo_pancake.go:336.14,337.16 1 0
github.com/QuantumNous/new-api/service/waffo_pancake.go:338.14,339.16 1 0
github.com/QuantumNous/new-api/service/waffo_pancake.go:340.10,341.34 1 0
github.com/QuantumNous/new-api/service/waffo_pancake.go:341.34,343.4 1 0
github.com/QuantumNous/new-api/service/waffo_pancake.go:344.3,344.16 1 0
github.com/QuantumNous/new-api/service/waffo_pancake.go:348.69,349.27 1 0
github.com/QuantumNous/new-api/service/waffo_pancake.go:349.27,351.3 1 0
github.com/QuantumNous/new-api/service/waffo_pancake.go:352.2,352.62 1 0
github.com/QuantumNous/new-api/service/waffo_pancake.go:355.111,357.16 2 0
github.com/QuantumNous/new-api/service/waffo_pancake.go:357.16,359.3 1 0
github.com/QuantumNous/new-api/service/waffo_pancake.go:361.2,362.18 2 0
github.com/QuantumNous/new-api/service/waffo_pancake.go:362.18,364.3 1 0
github.com/QuantumNous/new-api/service/waffo_pancake.go:366.2,367.20 2 0
github.com/QuantumNous/new-api/service/waffo_pancake.go:368.20,370.17 2 0
github.com/QuantumNous/new-api/service/waffo_pancake.go:370.17,372.4 1 0
github.com/QuantumNous/new-api/service/waffo_pancake.go:373.3,374.10 2 0
github.com/QuantumNous/new-api/service/waffo_pancake.go:374.10,376.4 1 0
github.com/QuantumNous/new-api/service/waffo_pancake.go:377.3,377.21 1 0
github.com/QuantumNous/new-api/service/waffo_pancake.go:378.24,380.17 2 0
github.com/QuantumNous/new-api/service/waffo_pancake.go:380.17,382.4 1 0
github.com/QuantumNous/new-api/service/waffo_pancake.go:383.3,383.18 1 0
github.com/QuantumNous/new-api/service/waffo_pancake.go:384.10,385.67 1 0
github.com/QuantumNous/new-api/service/waffo_pancake.go:388.2,389.16 2 0
github.com/QuantumNous/new-api/service/waffo_pancake.go:389.16,391.3 1 0
github.com/QuantumNous/new-api/service/waffo_pancake.go:393.2,394.91 2 0
github.com/QuantumNous/new-api/service/waffo_pancake.go:394.91,396.3 1 0
github.com/QuantumNous/new-api/service/waffo_pancake.go:397.2,397.12 1 0
github.com/QuantumNous/new-api/service/webhook.go:28.62,32.2 3 0
github.com/QuantumNous/new-api/service/webhook.go:35.81,38.36 2 0
github.com/QuantumNous/new-api/service/webhook.go:38.36,40.3 1 0
github.com/QuantumNous/new-api/service/webhook.go:43.2,53.16 3 0
github.com/QuantumNous/new-api/service/webhook.go:53.16,55.3 1 0
github.com/QuantumNous/new-api/service/webhook.go:58.2,61.35 3 0
github.com/QuantumNous/new-api/service/webhook.go:61.35,74.19 2 0
github.com/QuantumNous/new-api/service/webhook.go:74.19,78.4 3 0
github.com/QuantumNous/new-api/service/webhook.go:80.3,81.17 2 0
github.com/QuantumNous/new-api/service/webhook.go:81.17,83.4 1 0
github.com/QuantumNous/new-api/service/webhook.go:84.3,87.54 2 0
github.com/QuantumNous/new-api/service/webhook.go:87.54,89.4 1 0
github.com/QuantumNous/new-api/service/webhook.go:90.8,93.304 2 0
github.com/QuantumNous/new-api/service/webhook.go:93.304,95.4 1 0
github.com/QuantumNous/new-api/service/webhook.go:97.3,98.17 2 0
github.com/QuantumNous/new-api/service/webhook.go:98.17,100.4 1 0
github.com/QuantumNous/new-api/service/webhook.go:103.3,106.19 2 0
github.com/QuantumNous/new-api/service/webhook.go:106.19,109.4 2 0
github.com/QuantumNous/new-api/service/webhook.go:112.3,114.17 3 0
github.com/QuantumNous/new-api/service/webhook.go:114.17,116.4 1 0
github.com/QuantumNous/new-api/service/webhook.go:117.3,120.54 2 0
github.com/QuantumNous/new-api/service/webhook.go:120.54,122.4 1 0
github.com/QuantumNous/new-api/service/webhook.go:125.2,125.12 1 0
